technical_skill,communication,preferred_domain,education,career
linux,good,security,bsc,Cybersecurity Analyst
linux,average,infrastructure,diploma,Network Engineer
physics,good,engineering,mtech,Civil Engineer
excel,good,business,bsc,Data Analyst
agile,excellent,technology,mba,Product Manager
diagnosis,excellent,science,md,Doctor
writing,excellent,news,ma,Journalist
java,average,technology,btech,Backend Engineer
database,poor,technology,mca,Full Stack Developer
cad,excellent,infrastructure,btech,Civil Engineer
investigation,excellent,media,ma,Journalist
database,good,technology,btech,Data Engineer
biology,average,research,bsc,Biologist
construction,good,infrastructure,btech,Civil Engineer
html,good,creative,bfa,UI/UX Designer
diagnosis,good,science,md,Doctor
linux,good,infrastructure,mca,DevOps Engineer
agile,excellent,technology,btech,Product Manager
database,average,technology,mca,Full Stack Developer
python,average,technology,mtech,Software Developer
java,average,technology,mtech,Backend Engineer
networking,good,infrastructure,btech,DevOps Engineer
construction,good,infrastructure,btech,Civil Engineer
writing,poor,marketing,bba,Marketing Manager
math,good,technology,msc,AI/ML Engineer
sql,good,business,bba,Business Analyst
writing,excellent,media,bba,Content Writer
sql,good,analytics,phd,Data Scientist
illustrator,good,media,diploma,Graphic Designer
web,average,technology,diploma,Full Stack Developer
communication,excellent,hr,bba,HR Manager
management,good,analytics,bba,Business Analyst
python,good,technology,bsc,Software Developer
networking,excellent,technology,btech,Cybersecurity Analyst
chemistry,good,research,phd,Chemist
management,good,marketing,mba,Marketing Manager
networking,good,technology,bsc,Network Engineer
python,average,technology,btech,Full Stack Developer
lab,average,science,bsc,Biologist
illustrator,good,media,bdes,Graphic Designer
art,good,creative,bfa,Graphic Designer
excel,good,finance,bcom,Financial Analyst
networking,poor,infrastructure,btech,DevOps Engineer
security,good,technology,btech,DevOps Engineer
data,good,technology,mtech,Machine Learning Engineer
python,good,technology,mca,Data Engineer
r,excellent,analytics,msc,Data Scientist
data,good,business,bba,Data Analyst
research,good,science,mbbs,Biologist
writing,excellent,media,ma,Content Writer
strategy,excellent,technology,btech,Product Manager
python,good,technology,btech,Software Developer
python,good,technology,msc,Machine Learning Engineer
excel,good,business,btech,Data Analyst
writing,excellent,marketing,mba,Marketing Manager
chemistry,average,science,phd,Chemist
construction,good,infrastructure,btech,Civil Engineer
math,good,technology,btech,AI/ML Engineer
data,excellent,analytics,btech,Data Scientist
excel,good,business,bba,Financial Analyst
python,excellent,analytics,msc,AI/ML Engineer
css,excellent,technology,bsc,UI/UX Designer
research,average,research,phd,Chemist
sql,good,analytics,btech,Business Analyst
biology,good,science,bsc,Biologist
math,good,news,btech,Machine Learning Engineer
excel,good,business,mba,Financial Analyst
medicine,good,healthcare,md,Doctor
web,average,research,btech,Full Stack Developer
linux,good,technology,bsc,Network Engineer
excel,good,business,btech,Data Analyst
sql,good,technology,bsc,Backend Engineer
data,excellent,analytics,mtech,AI/ML Engineer
deep learning,good,technology,btech,AI/ML Engineer
design,good,creative,bsc,UI/UX Designer
physics,average,engineering,btech,Civil Engineer
web,average,technology,mtech,Software Developer
python,average,technology,bsc,Full Stack Developer
security,good,security,mtech,Cybersecurity Analyst
linux,good,infrastructure,mca,DevOps Engineer
lab,average,business,bsc,Biologist
sql,good,analytics,btech,Business Analyst
math,excellent,business,mcom,Financial Analyst
math,good,finance,bsc,Financial Analyst
accounting,good,business,mcom,Financial Analyst
python,average,technology,bsc,Full Stack Developer
medicine,excellent,healthcare,md,Doctor
chemistry,average,research,msc,Chemist
excel,excellent,finance,mba,Financial Analyst
construction,average,engineering,btech,Civil Engineer
math,good,business,btech,Data Analyst
diagnosis,excellent,healthcare,md,Doctor
physics,good,infrastructure,diploma,Civil Engineer
javascript,average,technology,btech,Software Developer
excel,good,analytics,bba,Business Analyst
writing,excellent,marketing,mba,Marketing Manager
management,average,business,mba,Product Manager
r,good,research,bsc,Data Scientist
security,good,infrastructure,btech,DevOps Engineer
python,good,technology,msc,Data Scientist
math,good,research,mtech,Data Scientist
python,good,technology,phd,Machine Learning Engineer
interviewing,good,business,btech,Business Analyst
biology,good,science,md,Doctor
mechanics,average,infrastructure,btech,Network Engineer
database,good,technology,mca,Full Stack Developer
c++,average,technology,bca,Software Developer
physics,average,manufacturing,ba,Mechanical Engineer
art,average,media,diploma,Graphic Designer
art,average,media,phd,Graphic Designer
c++,good,technology,bca,Software Developer
web,good,technology,mca,Full Stack Developer
interviewing,excellent,media,ba,Journalist
web,good,technology,btech,Software Developer
cad,good,infrastructure,btech,Civil Engineer
communication,good,hr,mba,HR Manager
lab,average,research,bsc,Chemist
finance,excellent,business,mba,Financial Analyst
physics,average,engineering,mtech,Mechanical Engineer
research,average,science,phd,Chemist
marketing,good,business,mba,Marketing Manager
biology,good,research,msc,Biologist
data,good,analytics,btech,Business Analyst
physics,average,manufacturing,btech,Mechanical Engineer
lab,good,science,mbbs,Biologist
database,good,technology,mca,Full Stack Developer
mechanics,good,manufacturing,diploma,Mechanical Engineer
r,good,technology,msc,Data Scientist
biology,excellent,science,btech,Doctor
sql,good,business,btech,Data Analyst
agile,excellent,business,btech,Product Manager
investigation,excellent,news,ma,Journalist
cad,excellent,engineering,mtech,Mechanical Engineer
networking,excellent,technology,mtech,Cybersecurity Analyst
seo,excellent,business,bba,Marketing Manager
writing,excellent,media,diploma,Journalist
chemistry,average,science,bsc,Chemist
management,good,marketing,mba,Marketing Manager
math,good,business,btech,Data Analyst
math,good,technology,bsc,Data Scientist
data,good,business,bsc,Data Analyst
python,good,technology,btech,DevOps Engineer
diagnosis,good,healthcare,btech,Doctor
html,good,technology,bdes,UI/UX Designer
biology,good,healthcare,md,Doctor
research,good,research,phd,Biologist
research,poor,research,mbbs,Biologist
illustrator,average,media,bdes,Graphic Designer
networking,excellent,technology,mtech,Cybersecurity Analyst
construction,average,engineering,diploma,Civil Engineer
physics,average,manufacturing,mtech,Mechanical Engineer
hardware,average,technology,btech,Network Engineer
writing,good,business,bba,Marketing Manager
data,good,technology,phd,Data Scientist
math,good,research,btech,Data Scientist
communication,excellent,hr,ba,HR Manager
networking,good,technology,bsc,Cybersecurity Analyst
r,good,security,bsc,Data Scientist
mechanics,good,manufacturing,mtech,Mechanical Engineer
database,good,technology,bsc,Full Stack Developer
css,excellent,technology,ba,UI/UX Designer
investigation,excellent,media,ba,Journalist
biology,good,research,mbbs,Biologist
finance,excellent,business,high_school,Financial Analyst
data,good,analytics,msc,Machine Learning Engineer
python,excellent,manufacturing,msc,Data Scientist
design,good,technology,bfa,UI/UX Designer
python,good,infrastructure,mca,DevOps Engineer
python,good,technology,btech,Full Stack Developer
data,excellent,business,mba,Business Analyst
linux,good,security,mtech,Cybersecurity Analyst
networking,good,technology,bsc,Network Engineer
design,good,technology,ba,UI/UX Designer
management,excellent,analytics,mba,Business Analyst
linux,good,technology,diploma,Network Engineer
management,excellent,hr,diploma,HR Manager
security,good,security,mtech,Cybersecurity Analyst
r,excellent,analytics,btech,Data Scientist
sql,good,technology,mtech,Data Scientist
data,good,technology,mca,Data Engineer
data,good,technology,btech,Machine Learning Engineer
c++,average,technology,mtech,Software Developer
physics,excellent,engineering,mtech,Civil Engineer
writing,good,finance,mba,Financial Analyst
cad,good,manufacturing,btech,Mechanical Engineer
research,average,research,mbbs,Biologist
writing,excellent,business,mba,Marketing Manager
python,good,research,bsc,Data Scientist
data,poor,analytics,mba,Business Analyst
seo,excellent,marketing,bba,Marketing Manager
research,good,science,phd,Chemist
research,good,technology,high_school,Chemist
data,good,technology,phd,Data Scientist
finance,good,business,mba,Financial Analyst
art,average,creative,diploma,Graphic Designer
writing,good,media,ma,Content Writer
python,good,technology,btech,DevOps Engineer
agile,excellent,business,bba,Product Manager
writing,excellent,marketing,bba,Content Writer
writing,good,marketing,mba,Marketing Manager
database,good,technology,mca,Data Engineer
writing,good,marketing,ba,Content Writer
art,average,media,bdes,Graphic Designer
linux,good,technology,diploma,Network Engineer
data,good,technology,btech,Data Engineer
math,excellent,analytics,btech,AI/ML Engineer
python,good,infrastructure,mca,DevOps Engineer
node,good,technology,btech,Backend Engineer
sql,excellent,business,mba,Financial Analyst
management,excellent,analytics,bba,Business Analyst
data,good,business,bba,Business Analyst
biology,good,healthcare,md,Doctor
management,good,analytics,mba,Business Analyst
excel,good,analytics,bba,Business Analyst
photoshop,average,media,diploma,Graphic Designer
illustrator,average,creative,bdes,Graphic Designer
math,good,analytics,mtech,Machine Learning Engineer
seo,good,business,bba,Marketing Manager
linux,excellent,technology,btech,Cybersecurity Analyst
math,good,technology,msc,AI/ML Engineer
management,excellent,business,bba,Product Manager
communication,average,hr,ba,HR Manager
security,average,infrastructure,diploma,Network Engineer
data,good,analytics,btech,Machine Learning Engineer
database,good,healthcare,bba,Data Analyst
security,average,infrastructure,diploma,Network Engineer
art,good,creative,bfa,Graphic Designer
node,excellent,creative,bdes,UI/UX Designer
math,good,analytics,btech,Data Analyst
research,average,research,phd,Chemist
writing,excellent,news,ma,Journalist
math,good,analytics,bca,Machine Learning Engineer
management,excellent,business,bba,Business Analyst
cad,good,engineering,mtech,Civil Engineer
sql,average,technology,mtech,Backend Engineer
python,excellent,analytics,mtech,AI/ML Engineer
physics,average,engineering,diploma,Civil Engineer
seo,excellent,media,ma,Content Writer
math,good,analytics,bba,Data Analyst
python,good,technology,btech,Software Developer
illustrator,good,media,bfa,Graphic Designer
python,excellent,analytics,msc,Machine Learning Engineer
medicine,good,science,mbbs,Doctor
writing,excellent,news,diploma,Journalist
excel,good,analytics,mba,Business Analyst
css,excellent,technology,ba,UI/UX Designer
networking,good,security,diploma,Cybersecurity Analyst
data,excellent,analytics,btech,Data Scientist
art,good,media,bfa,Graphic Designer
psychology,excellent,hr,bba,HR Manager
networking,average,infrastructure,btech,Network Engineer
mechanics,good,manufacturing,btech,Mechanical Engineer
medicine,excellent,science,mbbs,Doctor
research,average,research,phd,Chemist
sql,good,analytics,btech,Data Analyst
r,excellent,analytics,btech,Data Scientist
data,good,business,bba,Data Analyst
networking,good,infrastructure,btech,DevOps Engineer
math,good,analytics,msc,Data Scientist
management,excellent,business,bba,HR Manager
interviewing,poor,news,ma,Journalist
diagnosis,excellent,healthcare,md,Doctor
research,average,science,mbbs,Biologist
css,good,technology,bfa,UI/UX Designer
excel,good,business,btech,Data Analyst
math,good,technology,btech,Machine Learning Engineer
css,excellent,creative,ba,UI/UX Designer
web,good,technology,bsc,Software Developer
math,good,analytics,mtech,Machine Learning Engineer
communication,excellent,hr,mba,HR Manager
linux,excellent,technology,mtech,Cybersecurity Analyst
r,good,technology,msc,Data Scientist
biology,good,research,phd,Biologist
communication,excellent,hr,mba,HR Manager
writing,excellent,news,ba,Journalist
management,excellent,business,bba,Marketing Manager
linux,excellent,technology,btech,Cybersecurity Analyst
database,average,technology,mba,Backend Engineer
biology,good,science,md,Doctor
data,excellent,analytics,btech,Business Analyst
c++,good,technology,mtech,Software Developer
data,excellent,research,mtech,Data Scientist
accounting,good,business,mba,Financial Analyst
math,good,analytics,bsc,Data Analyst
math,excellent,technology,msc,Data Scientist
linux,good,infrastructure,mca,DevOps Engineer
excel,good,technology,btech,Data Analyst
hardware,good,infrastructure,diploma,Network Engineer
art,good,creative,bdes,Graphic Designer
photoshop,good,media,diploma,Graphic Designer
management,excellent,hr,ba,HR Manager
investigation,excellent,news,diploma,Journalist
java,average,technology,mtech,Software Developer
networking,excellent,security,mtech,Cybersecurity Analyst
psychology,excellent,hr,bba,HR Manager
research,average,research,mbbs,Biologist
database,good,technology,bsc,Backend Engineer
seo,excellent,marketing,mba,Marketing Manager
management,excellent,business,mba,Product Manager
cad,good,engineering,btech,Civil Engineer
physics,average,manufacturing,diploma,Mechanical Engineer
psychology,excellent,business,bca,HR Manager
management,excellent,hr,bba,HR Manager
security,good,security,bsc,Cybersecurity Analyst
construction,excellent,engineering,diploma,Civil Engineer
python,good,technology,bsc,Cybersecurity Analyst
linux,good,technology,bsc,Cybersecurity Analyst
physics,average,engineering,btech,Mechanical Engineer
physics,good,engineering,diploma,Civil Engineer
deep learning,excellent,analytics,btech,AI/ML Engineer
physics,average,engineering,btech,Civil Engineer
python,excellent,security,bsc,Cybersecurity Analyst
sql,good,analytics,bsc,Data Scientist
writing,good,marketing,ba,Content Writer
accounting,excellent,finance,bba,Financial Analyst
math,good,analytics,bba,Data Analyst
data,excellent,business,btech,Business Analyst
figma,excellent,technology,bfa,UI/UX Designer
marketing,average,infrastructure,mtech,Civil Engineer
management,excellent,business,btech,Product Manager
python,excellent,technology,mtech,AI/ML Engineer
illustrator,average,media,bdes,Graphic Designer
excel,good,finance,bba,Financial Analyst
management,good,business,bba,Marketing Manager
python,excellent,research,bsc,Data Scientist
data,good,technology,btech,Data Engineer
python,good,analytics,msc,AI/ML Engineer
networking,excellent,security,bsc,Cybersecurity Analyst
seo,excellent,marketing,bba,Marketing Manager
python,good,infrastructure,btech,DevOps Engineer
javascript,average,technology,mca,Full Stack Developer
construction,good,business,bcom,Financial Analyst
python,good,analytics,mtech,AI/ML Engineer
python,good,technology,mca,Data Engineer
database,good,technology,mca,Data Engineer
security,good,infrastructure,btech,DevOps Engineer
python,good,technology,msc,Machine Learning Engineer
python,good,technology,btech,Backend Engineer
communication,excellent,hr,ba,HR Manager
data,excellent,technology,btech,AI/ML Engineer
data,good,analytics,bba,Data Analyst
math,excellent,business,bba,Financial Analyst
database,good,analytics,mca,Data Engineer
photoshop,good,media,diploma,Graphic Designer
linux,average,research,phd,Chemist
mechanics,average,manufacturing,mtech,Mechanical Engineer
medicine,good,science,mbbs,Doctor
marketing,excellent,business,mtech,Marketing Manager
data,excellent,technology,btech,AI/ML Engineer
mechanics,average,engineering,btech,Mechanical Engineer
writing,good,marketing,mba,Marketing Manager
physics,good,infrastructure,btech,Civil Engineer
python,average,technology,bca,Software Developer
deep learning,good,analytics,btech,AI/ML Engineer
java,average,technology,mca,Backend Engineer
linux,good,technology,mtech,Cybersecurity Analyst
finance,excellent,finance,mcom,Financial Analyst
data,good,analytics,mtech,Machine Learning Engineer
security,good,research,phd,Biologist
data,excellent,analytics,msc,Machine Learning Engineer
physics,good,engineering,diploma,Civil Engineer
security,good,technology,btech,DevOps Engineer
research,average,research,msc,Chemist
cad,poor,engineering,diploma,Civil Engineer
data,excellent,analytics,bba,Business Analyst
finance,good,business,bcom,Financial Analyst
biology,excellent,healthcare,mbbs,Doctor
management,excellent,business,mba,HR Manager
agile,excellent,technology,bba,Product Manager
security,good,technology,mca,DevOps Engineer
data,excellent,analytics,btech,Business Analyst
linux,excellent,technology,bsc,Cybersecurity Analyst
finance,good,business,mba,Financial Analyst
python,good,technology,btech,DevOps Engineer
python,excellent,analytics,mtech,Machine Learning Engineer
security,average,technology,btech,Network Engineer
python,poor,technology,btech,Full Stack Developer
investigation,poor,news,ma,Journalist
math,good,business,bba,Data Analyst
web,average,technology,mtech,Software Developer
database,good,analytics,mca,Data Engineer
accounting,excellent,business,bba,Financial Analyst
java,good,technology,mtech,Software Developer
java,good,technology,bca,Software Developer
lab,poor,science,phd,Biologist
management,excellent,business,ba,HR Manager
python,good,technology,msc,AI/ML Engineer
database,good,analytics,btech,Data Engineer
security,good,security,mtech,Cybersecurity Analyst
marketing,excellent,marketing,bba,Marketing Manager
python,excellent,infrastructure,mca,DevOps Engineer
photoshop,good,media,diploma,Graphic Designer
python,good,technology,btech,Full Stack Developer
networking,good,technology,bsc,Full Stack Developer
management,excellent,hr,ba,HR Manager
security,excellent,technology,mtech,Cybersecurity Analyst
python,average,technology,btech,Full Stack Developer
communication,excellent,hr,mba,HR Manager
hardware,good,technology,ba,Network Engineer
linux,good,technology,btech,DevOps Engineer
python,good,technology,btech,Data Engineer
management,excellent,business,btech,Business Analyst
chemistry,good,science,phd,Chemist
networking,good,infrastructure,high_school,DevOps Engineer
java,average,technology,bsc,Backend Engineer
html,good,research,bfa,UI/UX Designer
chemistry,good,science,msc,Chemist
c++,good,technology,diploma,Network Engineer
python,average,technology,btech,Full Stack Developer
figma,good,creative,bsc,UI/UX Designer
design,excellent,technology,bdes,UI/UX Designer
photoshop,good,media,diploma,Graphic Designer
excel,good,business,btech,Data Analyst
interviewing,excellent,news,ba,Journalist
figma,excellent,creative,ba,UI/UX Designer
seo,excellent,business,mba,Marketing Manager
database,average,technology,btech,Full Stack Developer
writing,good,media,ba,Content Writer
excel,good,business,bba,Financial Analyst
cad,good,infrastructure,mtech,Civil Engineer
math,good,analytics,diploma,Data Analyst
accounting,excellent,finance,mba,Financial Analyst
data,good,analytics,mca,Data Engineer
investigation,excellent,news,mba,Journalist
python,excellent,analytics,msc,Machine Learning Engineer
security,excellent,technology,btech,Cybersecurity Analyst
art,good,creative,bfa,Graphic Designer
linux,good,technology,btech,Network Engineer
math,good,technology,btech,Machine Learning Engineer
cad,good,infrastructure,mtech,Civil Engineer
networking,good,technology,bsc,Network Engineer
python,good,technology,mca,Data Engineer
sql,good,analytics,bba,Data Analyst
lab,good,science,mbbs,Biologist
data,excellent,analytics,bba,Business Analyst
sql,average,technology,mca,Backend Engineer
lab,good,research,phd,Biologist
psychology,excellent,business,ba,HR Manager
research,average,science,msc,Biologist
management,excellent,business,bba,Business Analyst
cad,average,manufacturing,btech,Mechanical Engineer
python,excellent,business,mba,Financial Analyst
agile,excellent,business,bba,Product Manager
interviewing,excellent,news,ma,Journalist
sql,good,analytics,mca,Data Engineer
javascript,excellent,technology,btech,Full Stack Developer
python,good,technology,mca,Backend Engineer
data,good,business,bba,Business Analyst
javascript,average,technology,btech,Software Developer
investigation,excellent,news,ba,Journalist
psychology,excellent,business,bba,HR Manager
communication,excellent,business,ba,HR Manager
css,poor,creative,ba,UI/UX Designer
psychology,excellent,business,bba,HR Manager
lab,average,research,phd,Biologist
lab,good,science,msc,Chemist
java,good,technology,mtech,Software Developer
management,good,marketing,high_school,Marketing Manager
sql,good,analytics,mca,Data Engineer
cad,average,infrastructure,diploma,Civil Engineer
data,good,technology,msc,Machine Learning Engineer
psychology,excellent,hr,mba,HR Manager
security,good,infrastructure,mca,DevOps Engineer
physics,average,engineering,mtech,Civil Engineer
psychology,excellent,hr,bba,HR Manager
mechanics,good,engineering,btech,Mechanical Engineer
python,good,technology,mtech,Software Developer
writing,good,analytics,msc,Machine Learning Engineer
cad,average,engineering,diploma,Mechanical Engineer
cad,average,engineering,mtech,Mechanical Engineer
excel,excellent,business,mba,Business Analyst
cad,average,technology,mtech,Software Developer
security,average,infrastructure,diploma,Network Engineer
physics,good,manufacturing,ba,Mechanical Engineer
biology,good,research,phd,Biologist
database,average,technology,btech,Backend Engineer
c++,good,technology,bsc,Software Developer
css,good,creative,ba,UI/UX Designer
python,good,technology,btech,Cybersecurity Analyst
diagnosis,good,healthcare,md,Doctor
sql,good,analytics,btech,Data Engineer
strategy,excellent,media,btech,Product Manager
data,good,technology,msc,Machine Learning Engineer
investigation,excellent,media,diploma,Journalist
design,good,technology,bdes,UI/UX Designer
management,good,analytics,mba,Business Analyst
psychology,excellent,hr,mba,HR Manager
biology,good,science,phd,Biologist
psychology,excellent,business,bba,HR Manager
web,average,technology,mca,Full Stack Developer
lab,average,science,mbbs,Biologist
python,good,technology,btech,Machine Learning Engineer
art,average,creative,diploma,Graphic Designer
security,good,security,btech,Cybersecurity Analyst
math,good,business,bca,Data Analyst
data,good,business,mba,Business Analyst
art,good,media,bdes,Graphic Designer
strategy,excellent,business,bba,Product Manager
lab,average,research,phd,Biologist
physics,excellent,manufacturing,mtech,Mechanical Engineer
deep learning,excellent,technology,mtech,AI/ML Engineer
security,good,technology,btech,DevOps Engineer
lab,good,research,bsc,Chemist
hardware,good,infrastructure,phd,Network Engineer
data,good,technology,msc,Machine Learning Engineer
physics,good,manufacturing,mtech,Mechanical Engineer
python,good,technology,mca,Data Engineer
sql,good,business,btech,Data Analyst
management,excellent,business,mba,Marketing Manager
math,excellent,finance,bcom,Financial Analyst
investigation,excellent,news,ma,Journalist
node,good,technology,bsc,Backend Engineer
research,good,research,phd,Biologist
writing,excellent,news,diploma,Journalist
web,good,technology,mtech,Software Developer
networking,good,infrastructure,btech,Network Engineer
css,good,creative,bsc,UI/UX Designer
java,good,technology,mtech,Backend Engineer
psychology,excellent,business,mba,HR Manager
lab,good,science,msc,Chemist
database,excellent,business,mca,Data Engineer
javascript,good,technology,mca,Software Developer
security,good,technology,bsc,Cybersecurity Analyst
math,good,analytics,btech,Machine Learning Engineer
physics,average,infrastructure,diploma,Civil Engineer
physics,good,technology,mtech,Mechanical Engineer
chemistry,good,science,msc,Chemist
web,good,technology,mtech,Software Developer
database,good,technology,btech,Data Engineer
illustrator,average,media,bdes,Graphic Designer
database,good,technology,btech,Full Stack Developer
deep learning,good,analytics,mtech,AI/ML Engineer
management,excellent,hr,mba,HR Manager
lab,average,science,msc,Chemist
editing,good,media,ba,Content Writer
data,good,research,mtech,Data Scientist
python,good,creative,bfa,UI/UX Designer
javascript,good,technology,btech,Software Developer
math,good,business,btech,Data Analyst
design,good,technology,bdes,UI/UX Designer
editing,excellent,media,bba,Content Writer
mechanics,average,engineering,btech,Mechanical Engineer
management,excellent,business,bba,HR Manager
seo,good,business,bba,Marketing Manager
security,excellent,technology,bsc,Cybersecurity Analyst
math,good,analytics,bsc,Data Analyst
accounting,good,business,bba,Financial Analyst
seo,good,marketing,mba,Marketing Manager
medicine,good,science,mbbs,Doctor
java,average,technology,bsc,Backend Engineer
biology,good,science,md,Doctor
security,average,technology,bsc,Network Engineer
security,good,technology,mca,DevOps Engineer
writing,excellent,marketing,bba,Marketing Manager
javascript,average,technology,bsc,Full Stack Developer
excel,good,business,bcom,Financial Analyst
biology,excellent,healthcare,md,Doctor
illustrator,good,analytics,bdes,Graphic Designer
security,good,infrastructure,mca,DevOps Engineer
construction,average,infrastructure,btech,Civil Engineer
css,excellent,creative,bdes,UI/UX Designer
html,good,creative,bsc,UI/UX Designer
linux,good,technology,btech,DevOps Engineer
python,excellent,research,phd,Data Scientist
cad,average,engineering,mtech,Mechanical Engineer
javascript,good,technology,bca,Software Developer
c++,good,technology,mca,Software Developer
math,excellent,business,bba,Financial Analyst
mechanics,average,manufacturing,diploma,Mechanical Engineer
design,good,technology,bdes,UI/UX Designer
marketing,excellent,marketing,bba,Marketing Manager
python,excellent,technology,bsc,Cybersecurity Analyst
networking,average,infrastructure,bsc,Network Engineer
python,average,technology,bsc,Full Stack Developer
biology,good,research,phd,Biologist
math,excellent,finance,bcom,Financial Analyst
design,excellent,creative,ba,UI/UX Designer
security,excellent,technology,bsc,Cybersecurity Analyst
data,good,technology,mca,Data Engineer
deep learning,excellent,technology,mtech,AI/ML Engineer
design,excellent,creative,bdes,UI/UX Designer
sql,good,healthcare,btech,Data Engineer
research,average,research,bsc,Chemist
illustrator,average,media,bdes,Graphic Designer
security,good,business,btech,DevOps Engineer
interviewing,excellent,news,ma,Journalist
math,excellent,finance,bba,Financial Analyst
sql,good,business,bba,Business Analyst
data,excellent,business,bba,Business Analyst
marketing,good,marketing,bba,Marketing Manager
illustrator,average,media,bdes,Graphic Designer
medicine,average,science,md,Doctor
finance,excellent,finance,high_school,Financial Analyst
management,excellent,business,bba,HR Manager
cad,average,infrastructure,diploma,Civil Engineer
python,excellent,technology,phd,Data Scientist
psychology,excellent,hr,bba,HR Manager
data,good,business,btech,Data Analyst
art,average,media,bfa,Graphic Designer
medicine,excellent,science,mbbs,Doctor
javascript,average,technology,mtech,Software Developer
math,good,business,bsc,Data Analyst
marketing,excellent,marketing,mba,Marketing Manager
lab,good,science,bsc,Biologist
r,good,research,bsc,Data Scientist
math,excellent,business,bcom,Financial Analyst
management,good,marketing,bba,Marketing Manager
writing,good,business,bba,Marketing Manager
javascript,good,technology,bsc,Full Stack Developer
chemistry,average,science,msc,Chemist
diagnosis,excellent,science,mbbs,Doctor
html,good,technology,bdes,UI/UX Designer
design,good,media,bdes,Graphic Designer
networking,good,technology,btech,DevOps Engineer
communication,excellent,business,ba,HR Manager
linux,good,technology,mca,DevOps Engineer
illustrator,average,creative,mca,Graphic Designer
linux,good,infrastructure,diploma,Network Engineer
design,good,creative,bfa,UI/UX Designer
design,average,media,bfa,Graphic Designer
sql,excellent,analytics,bba,Business Analyst
editing,good,marketing,ma,Content Writer
linux,average,creative,bfa,Graphic Designer
python,good,technology,bsc,Full Stack Developer
python,average,technology,btech,Full Stack Developer
data,good,analytics,btech,Business Analyst
sql,average,technology,mca,Backend Engineer
construction,average,engineering,mtech,Civil Engineer
python,good,technology,bsc,Backend Engineer
security,good,infrastructure,btech,DevOps Engineer
css,excellent,finance,bsc,UI/UX Designer
sql,good,technology,mca,Data Engineer
biology,excellent,science,md,Doctor
security,good,infrastructure,btech,DevOps Engineer
data,average,analytics,mtech,Data Scientist
python,good,technology,phd,Software Developer
data,good,analytics,mba,Business Analyst
hardware,average,infrastructure,bsc,Network Engineer
security,good,technology,mca,DevOps Engineer
writing,good,marketing,bba,Content Writer
medicine,average,healthcare,mbbs,Doctor
python,excellent,technology,btech,Cybersecurity Analyst
writing,excellent,news,diploma,Journalist
management,excellent,business,bca,Product Manager
strategy,excellent,business,btech,Product Manager
figma,average,creative,bdes,Graphic Designer
data,good,technology,mtech,Data Scientist
security,good,infrastructure,mca,DevOps Engineer
html,good,creative,ba,UI/UX Designer
mechanics,average,engineering,diploma,Mechanical Engineer
python,good,infrastructure,btech,DevOps Engineer
diagnosis,excellent,healthcare,mbbs,Doctor
networking,excellent,security,mtech,Cybersecurity Analyst
linux,average,infrastructure,btech,Network Engineer
strategy,excellent,business,bba,Product Manager
research,good,research,phd,Biologist
design,excellent,technology,bdes,UI/UX Designer
writing,excellent,media,ba,Content Writer
python,excellent,security,btech,Cybersecurity Analyst
excel,good,business,bba,Business Analyst
physics,average,engineering,diploma,Civil Engineer
management,excellent,business,bba,Product Manager
python,good,research,mtech,Data Scientist
networking,good,security,mtech,Cybersecurity Analyst
math,good,analytics,mtech,Machine Learning Engineer
management,excellent,business,bba,Product Manager
excel,good,business,bsc,Data Analyst
python,average,technology,mtech,Software Developer
sql,excellent,technology,btech,Data Scientist
excel,good,analytics,bba,Data Analyst
cad,good,infrastructure,mtech,Civil Engineer
linux,excellent,security,bsc,Cybersecurity Analyst
database,good,technology,btech,Data Engineer
research,good,research,phd,Chemist
data,good,analytics,bsc,Data Analyst
construction,poor,infrastructure,diploma,Civil Engineer
linux,good,technology,btech,DevOps Engineer
physics,average,technology,btech,Civil Engineer
research,average,science,phd,Biologist
illustrator,good,media,bdes,Graphic Designer
photoshop,average,creative,bfa,Graphic Designer
research,excellent,technology,bsc,UI/UX Designer
figma,excellent,creative,bsc,UI/UX Designer
design,average,media,bfa,Graphic Designer
cad,good,infrastructure,mtech,Civil Engineer
photoshop,good,creative,bdes,Graphic Designer
investigation,excellent,media,ba,Journalist
design,good,technology,ba,UI/UX Designer
sql,good,technology,mtech,Backend Engineer
python,average,technology,mca,Software Developer
lab,good,research,msc,Chemist
accounting,excellent,business,bba,Financial Analyst
networking,average,infrastructure,diploma,Network Engineer
writing,excellent,business,mba,Marketing Manager
research,average,science,msc,Chemist
management,excellent,business,mba,Business Analyst
mechanics,average,manufacturing,diploma,Mechanical Engineer
sql,good,business,bba,Business Analyst
data,excellent,analytics,btech,AI/ML Engineer
c++,good,technology,btech,Software Developer
biology,good,research,phd,Biologist
excel,poor,analytics,btech,Data Analyst
photoshop,average,creative,bfa,Graphic Designer
data,good,analytics,btech,Data Engineer
research,good,technology,mbbs,Doctor
photoshop,good,media,bdes,Graphic Designer
python,average,technology,bca,Software Developer
sql,good,business,btech,Business Analyst
sql,excellent,analytics,phd,Data Scientist
cad,good,infrastructure,mtech,Civil Engineer
excel,good,analytics,mba,Business Analyst
web,good,technology,btech,Full Stack Developer
sql,average,technology,mca,Backend Engineer
data,good,analytics,msc,AI/ML Engineer
diagnosis,good,healthcare,mbbs,Doctor
physics,average,infrastructure,diploma,Civil Engineer
math,good,analytics,bba,Data Analyst
database,excellent,hr,mba,HR Manager
management,excellent,business,bba,Business Analyst
strategy,excellent,technology,btech,Product Manager
web,average,technology,mtech,Software Developer
diagnosis,average,finance,bcom,Financial Analyst
research,good,research,msc,Biologist
css,good,creative,bdes,UI/UX Designer
writing,good,marketing,mba,Marketing Manager
physics,good,engineering,mtech,Mechanical Engineer
html,good,technology,bdes,UI/UX Designer
lab,good,science,bsc,Biologist
sql,excellent,technology,msc,Data Scientist
biology,average,research,phd,Biologist
physics,good,infrastructure,mtech,Civil Engineer
communication,excellent,business,mba,HR Manager
psychology,excellent,business,mba,HR Manager
java,good,technology,mtech,Software Developer
cad,average,engineering,btech,Mechanical Engineer
data,good,business,bba,Data Analyst
physics,excellent,engineering,btech,Civil Engineer
python,good,infrastructure,btech,DevOps Engineer
lab,average,science,msc,Chemist
excel,good,business,btech,Data Analyst
medicine,excellent,science,md,Doctor
python,good,analytics,btech,Machine Learning Engineer
python,good,technology,mca,DevOps Engineer
security,good,science,mca,DevOps Engineer
networking,good,technology,btech,Cybersecurity Analyst
math,excellent,finance,mcom,Financial Analyst
javascript,average,technology,mtech,Software Developer
math,excellent,business,mba,Financial Analyst
investigation,excellent,news,diploma,Journalist
design,excellent,technology,ba,UI/UX Designer
security,excellent,infrastructure,btech,DevOps Engineer
data,good,analytics,bba,Business Analyst
html,excellent,creative,high_school,UI/UX Designer
writing,excellent,marketing,bba,Marketing Manager
networking,excellent,technology,bsc,Cybersecurity Analyst
design,good,technology,bdes,UI/UX Designer
research,good,research,mbbs,Biologist
math,excellent,finance,bba,Financial Analyst
construction,average,engineering,mtech,Civil Engineer
security,excellent,security,bsc,Cybersecurity Analyst
art,good,creative,diploma,Graphic Designer
deep learning,average,technology,mtech,Software Developer
seo,excellent,business,bba,Marketing Manager
python,good,analytics,btech,Machine Learning Engineer
security,good,technology,mtech,Cybersecurity Analyst
photoshop,good,creative,bdes,Graphic Designer
mechanics,average,manufacturing,btech,Mechanical Engineer
biology,average,healthcare,md,Doctor
sql,good,business,btech,Data Analyst
medicine,good,healthcare,mbbs,Doctor
database,average,technology,mca,Full Stack Developer
management,excellent,marketing,bba,Marketing Manager
art,good,media,bdes,Graphic Designer
excel,good,analytics,bba,Data Analyst
sql,good,business,btech,Data Analyst
sql,good,technology,mca,Data Engineer
mechanics,good,manufacturing,diploma,Mechanical Engineer
sql,average,technology,btech,Data Engineer
networking,average,technology,diploma,Network Engineer
seo,excellent,business,bba,Marketing Manager
medicine,excellent,healthcare,mbbs,Doctor
research,average,research,phd,Biologist
seo,average,marketing,ba,Content Writer
accounting,excellent,business,mba,Financial Analyst
finance,good,business,bcom,Financial Analyst
python,average,technology,btech,Machine Learning Engineer
python,good,analytics,msc,Machine Learning Engineer
math,good,analytics,bba,Data Analyst
math,good,technology,btech,Machine Learning Engineer
biology,excellent,healthcare,md,Doctor
strategy,excellent,business,btech,Product Manager
linux,good,technology,mca,DevOps Engineer
database,good,technology,btech,Data Engineer
database,good,analytics,mca,Data Engineer
math,good,technology,btech,Machine Learning Engineer
math,excellent,analytics,mtech,AI/ML Engineer
hardware,average,technology,btech,Network Engineer
css,good,creative,bdes,UI/UX Designer
python,good,infrastructure,btech,DevOps Engineer
hardware,average,technology,btech,Network Engineer
agile,excellent,technology,mba,Product Manager
cad,average,engineering,btech,Mechanical Engineer
data,good,technology,btech,AI/ML Engineer
figma,excellent,technology,bsc,UI/UX Designer
data,excellent,analytics,btech,Business Analyst
excel,good,analytics,bba,Business Analyst
data,good,analytics,btech,Data Scientist
mechanics,good,manufacturing,btech,Mechanical Engineer
management,excellent,technology,mba,Product Manager
hardware,average,technology,bsc,Network Engineer
art,good,media,diploma,Graphic Designer
accounting,excellent,business,mba,Financial Analyst
java,excellent,technology,mca,Backend Engineer
photoshop,good,media,bdes,Graphic Designer
math,good,analytics,mtech,Machine Learning Engineer
design,excellent,creative,bsc,UI/UX Designer
hardware,good,infrastructure,bsc,Network Engineer
illustrator,good,media,diploma,Graphic Designer
python,excellent,analytics,msc,Data Scientist
photoshop,average,media,bdes,Graphic Designer
data,good,technology,mtech,Machine Learning Engineer
python,good,technology,mca,Data Engineer
database,average,technology,btech,Full Stack Developer
sql,excellent,analytics,high_school,Business Analyst
diagnosis,good,healthcare,md,Doctor
python,good,technology,mtech,Cybersecurity Analyst
lab,good,research,phd,Chemist
research,good,research,btech,Biologist
html,excellent,technology,bsc,UI/UX Designer
javascript,average,technology,bca,Software Developer
networking,good,infrastructure,btech,DevOps Engineer
python,good,technology,bsc,Backend Engineer
excel,good,analytics,btech,Data Analyst
physics,good,manufacturing,mtech,Mechanical Engineer
research,average,research,bsc,Chemist
chemistry,good,research,msc,Chemist
lab,good,science,phd,Chemist
data,good,business,mba,Business Analyst
linux,excellent,security,btech,Cybersecurity Analyst
design,excellent,creative,bdes,UI/UX Designer
math,good,business,bba,Financial Analyst
diagnosis,good,infrastructure,btech,Network Engineer
css,poor,technology,bfa,UI/UX Designer
web,average,technology,bsc,Full Stack Developer
deep learning,excellent,technology,bsc,AI/ML Engineer
art,average,media,bdes,Graphic Designer
research,good,science,bsc,Biologist
sql,average,technology,mba,Backend Engineer
writing,good,media,ma,Content Writer
python,good,technology,btech,Data Engineer
sql,good,business,btech,Business Analyst
accounting,excellent,business,bba,Financial Analyst
math,excellent,business,bcom,Financial Analyst
management,excellent,hr,ba,HR Manager
database,good,technology,bsc,Backend Engineer
javascript,good,technology,btech,Full Stack Developer
physics,average,engineering,diploma,Mechanical Engineer
management,excellent,business,bba,Product Manager
python,excellent,security,btech,Cybersecurity Analyst
design,good,creative,ba,UI/UX Designer
security,good,technology,mca,DevOps Engineer
data,good,analytics,btech,Machine Learning Engineer
networking,average,technology,btech,Network Engineer
physics,good,manufacturing,diploma,Mechanical Engineer
math,good,business,bba,Data Analyst
accounting,good,finance,mba,Financial Analyst
photoshop,good,media,diploma,Graphic Designer
writing,excellent,news,diploma,Journalist
sql,good,analytics,bsc,Data Analyst
excel,excellent,analytics,btech,Business Analyst
chemistry,average,science,bsc,Chemist
research,good,science,msc,Chemist
python,average,research,mtech,Data Scientist
sql,excellent,hr,bba,Business Analyst
math,excellent,analytics,mtech,AI/ML Engineer
c++,good,technology,mtech,Software Developer
javascript,good,technology,mca,Software Developer
javascript,average,technology,bca,Software Developer
c++,good,media,btech,Data Engineer
seo,excellent,media,ba,Content Writer
finance,good,business,mcom,Financial Analyst
management,excellent,hr,ba,HR Manager
management,excellent,business,btech,Product Manager
biology,average,science,mbbs,Biologist
math,good,analytics,msc,Machine Learning Engineer
python,good,analytics,mca,Data Engineer
biology,average,research,msc,Biologist
python,good,technology,mca,Backend Engineer
sql,excellent,research,phd,Data Scientist
photoshop,average,media,diploma,Graphic Designer
math,excellent,technology,msc,AI/ML Engineer
cad,average,business,btech,Civil Engineer
python,average,technology,btech,Full Stack Developer
python,excellent,engineering,btech,Cybersecurity Analyst
strategy,excellent,business,mba,Product Manager
mechanics,average,manufacturing,diploma,Mechanical Engineer
illustrator,average,media,bdes,Graphic Designer
python,good,technology,btech,DevOps Engineer
database,good,technology,btech,Full Stack Developer
writing,average,marketing,ba,Content Writer
database,good,analytics,mca,Data Engineer
python,good,technology,btech,Backend Engineer
data,good,analytics,btech,Machine Learning Engineer
database,good,analytics,btech,Data Engineer
research,average,science,bsc,Biologist
python,good,security,mtech,Cybersecurity Analyst
writing,good,engineering,btech,Civil Engineer
data,good,technology,btech,Machine Learning Engineer
management,good,technology,mba,Business Analyst
research,average,research,bsc,Biologist
management,excellent,hr,ba,HR Manager
research,good,research,msc,Chemist
editing,good,marketing,ma,Content Writer
networking,good,technology,btech,Cybersecurity Analyst
writing,good,media,ma,Content Writer
design,good,creative,bdes,UI/UX Designer
biology,good,news,md,Doctor
linux,good,technology,bsc,Cybersecurity Analyst
data,good,analytics,btech,Data Analyst
photoshop,good,media,bfa,Graphic Designer
java,average,technology,mca,Backend Engineer
marketing,excellent,business,mba,Marketing Manager
editing,good,marketing,bba,Content Writer
research,good,science,mbbs,Biologist
construction,good,infrastructure,mtech,Civil Engineer
management,good,business,mba,Marketing Manager
investigation,poor,media,ba,Journalist
python,good,technology,mca,DevOps Engineer
html,excellent,technology,bsc,UI/UX Designer
investigation,excellent,infrastructure,ma,Journalist
database,good,technology,bsc,Backend Engineer
research,good,science,bsc,Biologist
data,good,technology,btech,Data Engineer
biology,average,science,bsc,Biologist
python,good,technology,btech,Machine Learning Engineer
communication,excellent,hr,bba,HR Manager
data,good,technology,phd,Data Scientist
communication,excellent,hr,bba,HR Manager
linux,excellent,security,mtech,Cybersecurity Analyst
python,good,analytics,btech,AI/ML Engineer
management,good,healthcare,phd,Doctor
data,good,technology,btech,Data Engineer
r,excellent,research,phd,Data Scientist
math,good,technology,msc,Machine Learning Engineer
physics,good,engineering,btech,Mechanical Engineer
writing,good,marketing,mba,Marketing Manager
marketing,excellent,marketing,mba,Marketing Manager
linux,good,security,bsc,Cybersecurity Analyst
math,excellent,business,bba,Financial Analyst
lab,average,science,msc,Chemist
cad,good,engineering,mtech,Mechanical Engineer
research,good,science,bsc,Biologist
networking,good,infrastructure,mca,DevOps Engineer
networking,good,infrastructure,mca,DevOps Engineer
seo,excellent,business,mba,Marketing Manager
data,good,analytics,btech,Data Engineer
python,good,infrastructure,btech,DevOps Engineer
photoshop,good,media,bfa,Graphic Designer
database,good,technology,btech,Data Engineer
cad,average,manufacturing,btech,Mechanical Engineer
medicine,excellent,science,mbbs,Doctor
python,excellent,analytics,btech,AI/ML Engineer
design,poor,creative,ba,UI/UX Designer
python,good,technology,msc,Machine Learning Engineer
linux,average,infrastructure,btech,DevOps Engineer
management,excellent,technology,diploma,Product Manager
math,good,business,bsc,Data Analyst
accounting,excellent,business,bcom,Financial Analyst
management,good,business,bba,Business Analyst
research,good,research,mbbs,Biologist
psychology,poor,hr,bba,HR Manager
deep learning,excellent,technology,msc,AI/ML Engineer
construction,good,engineering,ba,Civil Engineer
writing,good,marketing,ma,Content Writer
diagnosis,good,healthcare,md,Doctor
communication,excellent,business,ba,HR Manager
photoshop,average,creative,diploma,Graphic Designer
physics,average,manufacturing,diploma,Mechanical Engineer
r,good,analytics,phd,Data Scientist
r,good,research,mtech,Data Scientist
writing,excellent,media,bba,Content Writer
seo,excellent,media,ba,Content Writer
database,average,technology,mtech,Backend Engineer
biology,excellent,science,md,Doctor
database,average,technology,mca,Full Stack Developer
database,average,technology,mca,Full Stack Developer
agile,average,business,bba,Product Manager
research,good,research,bsc,Chemist
math,good,technology,msc,Data Scientist
biology,good,science,mbbs,Biologist
management,excellent,marketing,mba,Marketing Manager
medicine,poor,media,ma,Journalist
sql,excellent,business,btech,Business Analyst
sql,good,technology,mtech,Backend Engineer
seo,good,business,mba,Marketing Manager
sql,excellent,analytics,mba,Business Analyst
writing,excellent,media,ba,Journalist
python,good,technology,mca,Data Engineer
research,good,research,mbbs,Biologist
python,average,technology,mca,Full Stack Developer
interviewing,excellent,technology,diploma,Journalist
medicine,good,science,diploma,Doctor
editing,excellent,marketing,ma,Content Writer
data,good,research,phd,Data Scientist
web,average,technology,bsc,Software Developer
linux,good,technology,btech,Network Engineer
data,good,technology,msc,Machine Learning Engineer
math,excellent,finance,bcom,Financial Analyst
research,good,research,diploma,Chemist
illustrator,average,creative,bdes,Graphic Designer
security,excellent,infrastructure,btech,DevOps Engineer
management,excellent,technology,mba,Product Manager
psychology,excellent,hr,mba,HR Manager
art,average,creative,bdes,Graphic Designer
biology,good,manufacturing,diploma,Mechanical Engineer
interviewing,excellent,media,ba,Journalist
deep learning,excellent,analytics,msc,AI/ML Engineer
data,good,marketing,mba,Marketing Manager
security,good,technology,diploma,Network Engineer
security,average,infrastructure,diploma,Network Engineer
seo,excellent,media,bba,Content Writer
hardware,average,infrastructure,btech,Network Engineer
management,good,business,mba,Marketing Manager
database,good,analytics,mtech,Data Engineer
photoshop,excellent,media,bdes,Graphic Designer
python,excellent,analytics,msc,AI/ML Engineer
research,excellent,research,msc,Chemist
writing,good,media,btech,Content Writer
writing,excellent,marketing,ba,Content Writer
linux,good,infrastructure,btech,DevOps Engineer
cad,average,infrastructure,mtech,Civil Engineer
database,good,news,mca,Data Engineer
seo,excellent,marketing,mca,Content Writer
strategy,excellent,technology,bba,Product Manager
node,average,technology,btech,Backend Engineer
data,excellent,analytics,mtech,AI/ML Engineer
management,good,business,mba,Marketing Manager
math,good,business,bba,Financial Analyst
python,good,technology,mca,DevOps Engineer
javascript,average,technology,mca,Full Stack Developer
html,good,creative,mca,UI/UX Designer
deep learning,excellent,analytics,btech,AI/ML Engineer
math,good,technology,btech,AI/ML Engineer
writing,excellent,media,diploma,Journalist
finance,excellent,finance,bba,Financial Analyst
data,excellent,technology,mtech,Data Scientist
seo,excellent,marketing,ba,Content Writer
javascript,average,technology,bca,Software Developer
data,excellent,business,btech,AI/ML Engineer
medicine,excellent,science,mbbs,Doctor
lab,good,science,bsc,Chemist
mechanics,good,manufacturing,mtech,Mechanical Engineer
java,good,technology,mca,Software Developer
sql,good,technology,mca,Backend Engineer
research,average,research,bsc,Chemist
marketing,good,business,ba,Marketing Manager
security,good,infrastructure,mca,DevOps Engineer
interviewing,excellent,technology,ma,Journalist
database,good,technology,mtech,Backend Engineer
sql,good,business,btech,Data Analyst
python,excellent,security,btech,Cybersecurity Analyst
cad,good,engineering,btech,Mechanical Engineer
sql,excellent,technology,mba,Backend Engineer
math,good,analytics,btech,Data Analyst
linux,excellent,security,mtech,Cybersecurity Analyst
hardware,good,infrastructure,mca,Network Engineer
editing,excellent,marketing,ma,Content Writer
mechanics,good,engineering,diploma,Mechanical Engineer
networking,excellent,security,btech,Cybersecurity Analyst
management,excellent,business,mba,HR Manager
python,good,technology,mca,Full Stack Developer
management,excellent,marketing,bba,Marketing Manager
chemistry,average,technology,mca,Full Stack Developer
finance,excellent,business,bcom,Financial Analyst
database,good,technology,btech,Full Stack Developer
python,good,analytics,mtech,Machine Learning Engineer
networking,good,infrastructure,btech,Network Engineer
diagnosis,excellent,science,md,Doctor
python,average,technology,bsc,Full Stack Developer
python,average,technology,msc,AI/ML Engineer
marketing,excellent,marketing,bba,Marketing Manager
math,good,technology,btech,Machine Learning Engineer
data,excellent,analytics,btech,AI/ML Engineer
database,good,technology,btech,Full Stack Developer
research,good,research,phd,Chemist
python,good,analytics,mtech,Machine Learning Engineer
web,good,technology,bca,Software Developer
management,good,business,mba,Business Analyst
writing,excellent,business,bba,Marketing Manager
math,good,analytics,mtech,Machine Learning Engineer
data,average,engineering,mtech,Mechanical Engineer
sql,average,technology,mtech,Backend Engineer
math,good,analytics,bsc,Data Scientist
java,average,technology,bca,Software Developer
data,good,technology,btech,Data Engineer
excel,good,business,btech,Data Analyst
linux,good,technology,btech,Cybersecurity Analyst
security,good,healthcare,mbbs,Doctor
math,excellent,business,mcom,Financial Analyst
biology,excellent,healthcare,mbbs,Doctor
research,average,science,mba,Chemist
deep learning,excellent,technology,mtech,AI/ML Engineer
css,excellent,creative,phd,UI/UX Designer
data,excellent,technology,btech,Data Scientist
data,good,technology,btech,AI/ML Engineer
illustrator,average,media,diploma,Graphic Designer
physics,average,manufacturing,mtech,Mechanical Engineer
python,good,analytics,msc,AI/ML Engineer
construction,average,infrastructure,btech,Civil Engineer
python,average,technology,mca,Full Stack Developer
seo,excellent,media,ba,Content Writer
python,good,technology,btech,DevOps Engineer
python,good,technology,mtech,Cybersecurity Analyst
excel,good,business,bsc,Business Analyst
editing,good,marketing,bba,Content Writer
strategy,excellent,technology,btech,Product Manager
physics,average,manufacturing,mtech,Mechanical Engineer
management,good,analytics,btech,Business Analyst
hardware,good,infrastructure,bsc,Network Engineer
excel,average,engineering,high_school,Civil Engineer
research,average,science,mbbs,Biologist
node,good,technology,mtech,Data Scientist
writing,excellent,media,ba,Content Writer
html,excellent,technology,bsc,UI/UX Designer
web,average,technology,btech,Full Stack Developer
linux,average,technology,diploma,Network Engineer
medicine,excellent,healthcare,md,Doctor
data,excellent,business,bba,Marketing Manager
data,good,creative,mtech,Machine Learning Engineer
cad,good,engineering,btech,Mechanical Engineer
design,excellent,media,diploma,Graphic Designer
art,average,creative,bfa,Graphic Designer
database,average,manufacturing,btech,Backend Engineer
editing,excellent,media,bba,Content Writer
art,good,creative,bfa,Graphic Designer
python,good,analytics,bsc,Data Scientist
sql,good,technology,btech,Backend Engineer
math,good,business,btech,Data Analyst
construction,good,infrastructure,mtech,Civil Engineer
excel,excellent,business,btech,Business Analyst
strategy,excellent,technology,mba,Product Manager
python,good,analytics,phd,Data Engineer
physics,good,technology,mtech,Civil Engineer
management,excellent,hr,mba,HR Manager
math,good,analytics,bba,Data Analyst
css,poor,technology,bfa,UI/UX Designer
r,good,analytics,mba,Data Scientist
python,good,technology,btech,Software Developer
psychology,excellent,business,ba,HR Manager
sql,excellent,business,mba,Business Analyst
lab,average,science,bsc,Biologist
linux,poor,technology,btech,Network Engineer
physics,good,engineering,mtech,Mechanical Engineer
psychology,excellent,hr,mba,HR Manager
physics,average,manufacturing,mtech,Mechanical Engineer
biology,excellent,science,mbbs,Doctor
chemistry,poor,marketing,bsc,Chemist
data,poor,analytics,msc,AI/ML Engineer
data,good,analytics,mtech,Machine Learning Engineer
biology,good,healthcare,mbbs,Doctor
management,excellent,technology,btech,Product Manager
biology,average,science,mbbs,Biologist
lab,good,science,mbbs,Biologist
editing,excellent,media,mtech,Content Writer
psychology,excellent,business,mba,HR Manager
cad,average,engineering,btech,Civil Engineer
math,good,analytics,mtech,AI/ML Engineer
finance,good,business,bba,Financial Analyst
mechanics,average,engineering,btech,Mechanical Engineer
diagnosis,good,science,md,Doctor
writing,excellent,news,diploma,Journalist
math,good,technology,bsc,Data Scientist
data,excellent,business,btech,Data Analyst
management,excellent,technology,bba,HR Manager
management,excellent,business,mba,Product Manager
sql,good,technology,diploma,Data Engineer
design,average,media,bdes,Graphic Designer
writing,excellent,news,ma,Journalist
art,good,analytics,bfa,Graphic Designer
mechanics,poor,manufacturing,mtech,Mechanical Engineer
management,excellent,business,mba,Marketing Manager
data,good,technology,btech,Machine Learning Engineer
security,good,infrastructure,btech,DevOps Engineer
research,good,science,bsc,Chemist
construction,good,engineering,btech,Civil Engineer
python,good,analytics,mca,Data Engineer
python,good,technology,mca,Data Engineer
strategy,good,technology,mba,Product Manager
python,good,technology,btech,Full Stack Developer
excel,good,business,bba,Data Analyst
cad,good,engineering,btech,Civil Engineer
java,good,technology,btech,Software Developer
investigation,excellent,media,ba,Journalist
management,excellent,business,btech,Business Analyst
data,good,analytics,mca,Data Engineer
networking,good,technology,btech,DevOps Engineer
biology,average,research,mbbs,Biologist
sql,excellent,technology,mtech,Data Scientist
writing,good,marketing,ba,Content Writer
psychology,excellent,hr,mba,HR Manager
figma,good,technology,bdes,UI/UX Designer
biology,average,science,bsc,Biologist
management,excellent,business,bba,HR Manager
communication,excellent,hr,ba,HR Manager
medicine,good,healthcare,md,Doctor
lab,good,research,msc,Chemist
biology,good,science,phd,Biologist
python,average,technology,bsc,Software Developer
networking,average,research,diploma,Network Engineer
css,excellent,technology,bsc,UI/UX Designer
excel,good,business,mba,Business Analyst
management,excellent,business,ba,HR Manager
seo,good,media,bba,Content Writer
excel,good,analytics,bba,Business Analyst
seo,good,business,bba,Marketing Manager
networking,excellent,technology,mca,DevOps Engineer
database,good,analytics,btech,Data Engineer
web,average,technology,mca,Software Developer
web,average,technology,btech,Software Developer
networking,good,infrastructure,bsc,Network Engineer
math,excellent,technology,msc,AI/ML Engineer
hardware,good,technology,btech,Network Engineer
python,excellent,analytics,mtech,AI/ML Engineer
medicine,average,science,mbbs,Doctor
networking,good,security,btech,Cybersecurity Analyst
lab,average,research,bsc,Biologist
linux,good,infrastructure,btech,DevOps Engineer
hardware,average,analytics,bsc,Network Engineer
writing,excellent,technology,msc,AI/ML Engineer
finance,excellent,finance,mba,Financial Analyst
psychology,excellent,business,bba,HR Manager
interviewing,excellent,news,diploma,Journalist
lab,good,science,phd,Chemist
javascript,good,technology,bsc,Software Developer
excel,good,business,bsc,Data Analyst
construction,good,infrastructure,btech,Civil Engineer
writing,excellent,media,mba,Journalist
interviewing,excellent,news,ma,Journalist
medicine,good,science,md,Doctor
security,good,infrastructure,mca,DevOps Engineer
sql,excellent,technology,mba,Product Manager
javascript,average,technology,mca,Full Stack Developer
chemistry,good,research,mca,Chemist
security,good,infrastructure,btech,Network Engineer
management,excellent,business,bba,Product Manager
communication,excellent,business,ba,HR Manager
data,good,technology,btech,Data Engineer
seo,excellent,marketing,phd,Marketing Manager
finance,excellent,finance,bba,Financial Analyst
medicine,good,healthcare,mbbs,Doctor
art,excellent,hr,ba,HR Manager
data,excellent,media,ma,Journalist
excel,good,business,bsc,Data Analyst
python,good,technology,btech,Data Engineer
research,average,research,phd,Chemist
excel,good,infrastructure,bba,Data Analyst
security,good,technology,bsc,Network Engineer
illustrator,average,media,bfa,Graphic Designer
figma,good,technology,bfa,UI/UX Designer
sql,good,analytics,btech,Data Engineer
javascript,good,infrastructure,btech,Network Engineer
hardware,average,infrastructure,btech,Network Engineer
java,good,technology,bca,Software Developer
mechanics,good,engineering,btech,Mechanical Engineer
deep learning,excellent,media,btech,AI/ML Engineer
cad,good,engineering,diploma,Mechanical Engineer
security,excellent,technology,mtech,Cybersecurity Analyst
python,excellent,analytics,btech,Data Scientist
physics,average,manufacturing,btech,Mechanical Engineer
data,good,analytics,btech,Business Analyst
c++,average,technology,mtech,Software Developer
finance,excellent,business,bcom,Financial Analyst
math,good,technology,mtech,Data Scientist
math,excellent,technology,mtech,AI/ML Engineer
management,excellent,hr,ba,HR Manager
agile,excellent,technology,bba,Product Manager
psychology,excellent,hr,mba,HR Manager
finance,good,business,bcom,Financial Analyst
hardware,average,infrastructure,bsc,Network Engineer
deep learning,excellent,analytics,msc,AI/ML Engineer
linux,good,finance,bba,Financial Analyst
management,good,business,bba,Marketing Manager
research,good,research,msc,Chemist
management,excellent,technology,btech,Product Manager
biology,good,science,bsc,Biologist
python,good,technology,btech,Machine Learning Engineer
seo,good,media,ma,Content Writer
mechanics,average,manufacturing,diploma,Mechanical Engineer
python,good,technology,mca,DevOps Engineer
data,good,analytics,btech,AI/ML Engineer
biology,good,science,phd,Biologist
finance,excellent,finance,mba,Financial Analyst
diagnosis,good,healthcare,mbbs,Doctor
math,good,analytics,msc,Machine Learning Engineer
strategy,good,technology,mba,Product Manager
data,good,analytics,btech,Machine Learning Engineer
management,excellent,business,btech,Product Manager
data,good,analytics,bba,Data Analyst
linux,good,technology,mca,DevOps Engineer
mechanics,excellent,engineering,btech,Mechanical Engineer
c++,average,technology,mca,Software Developer
deep learning,good,media,bba,Content Writer
hardware,good,technology,bsc,Network Engineer
python,good,infrastructure,btech,DevOps Engineer
construction,good,marketing,diploma,Civil Engineer
psychology,excellent,business,mba,HR Manager
interviewing,excellent,news,ba,Journalist
research,average,research,phd,Chemist
editing,excellent,media,ba,Content Writer
python,poor,analytics,btech,Machine Learning Engineer
math,good,analytics,msc,Machine Learning Engineer
research,average,research,mbbs,Biologist
networking,average,technology,bsc,Cybersecurity Analyst
database,good,analytics,btech,Data Engineer
math,excellent,analytics,msc,AI/ML Engineer
cad,good,engineering,mtech,Civil Engineer
research,good,science,phd,Biologist
art,average,creative,bfa,Graphic Designer
lab,average,research,bsc,Chemist
art,average,creative,bdes,Graphic Designer
python,good,technology,mca,Data Engineer
database,good,technology,mca,Full Stack Developer
node,good,technology,mtech,Backend Engineer
figma,excellent,analytics,ba,UI/UX Designer
biology,excellent,healthcare,mbbs,Doctor
cad,good,infrastructure,diploma,Civil Engineer
accounting,excellent,business,mcom,Financial Analyst
python,good,technology,msc,Machine Learning Engineer
security,excellent,research,btech,Cybersecurity Analyst
database,good,technology,btech,Data Engineer
python,excellent,technology,bfa,UI/UX Designer
biology,good,research,msc,Biologist
diagnosis,good,healthcare,mbbs,Doctor
javascript,good,technology,bsc,Full Stack Developer
research,average,research,bsc,Chemist
data,good,technology,msc,Machine Learning Engineer
writing,good,business,bba,Marketing Manager
writing,good,marketing,bba,Marketing Manager
lab,good,science,bsc,Biologist
biology,average,science,phd,Biologist
web,good,technology,mca,Full Stack Developer
diagnosis,good,science,md,Doctor
data,good,technology,btech,AI/ML Engineer
seo,good,marketing,ba,Content Writer
management,good,marketing,mba,Marketing Manager
linux,good,technology,mca,DevOps Engineer
math,good,analytics,btech,Machine Learning Engineer
math,excellent,research,btech,Data Scientist
python,excellent,hr,bba,HR Manager
cad,good,engineering,mtech,Civil Engineer
investigation,excellent,media,ba,Journalist
python,good,technology,bsc,Full Stack Developer
illustrator,average,creative,diploma,Graphic Designer
linux,good,infrastructure,diploma,Network Engineer
writing,good,marketing,bba,Marketing Manager
writing,excellent,business,mba,Marketing Manager
data,good,creative,bsc,UI/UX Designer
communication,excellent,technology,bba,HR Manager
excel,average,science,msc,Biologist
construction,good,engineering,diploma,Civil Engineer
photoshop,good,creative,bfa,Graphic Designer
javascript,average,technology,bsc,Software Developer
python,good,technology,mca,Software Developer
linux,good,infrastructure,btech,DevOps Engineer
physics,good,engineering,diploma,Mechanical Engineer
linux,excellent,security,bsc,Cybersecurity Analyst
math,good,technology,mtech,AI/ML Engineer
python,good,infrastructure,btech,DevOps Engineer
deep learning,poor,analytics,btech,AI/ML Engineer
security,average,security,mtech,Cybersecurity Analyst
management,good,business,bba,Marketing Manager
excel,excellent,business,bba,Financial Analyst
research,average,science,phd,Chemist
data,good,technology,btech,Machine Learning Engineer
seo,good,media,bba,Content Writer
physics,average,manufacturing,diploma,Mechanical Engineer
hardware,average,infrastructure,btech,Network Engineer
c++,good,technology,btech,Software Developer
illustrator,average,creative,bfa,Graphic Designer
excel,good,business,bsc,Business Analyst
physics,good,infrastructure,diploma,Civil Engineer
investigation,excellent,news,diploma,Journalist
cad,average,engineering,diploma,Mechanical Engineer
node,average,technology,mtech,Backend Engineer
sql,good,technology,bsc,Data Scientist
math,good,analytics,bsc,Data Scientist
management,excellent,business,ba,HR Manager
linux,excellent,technology,mtech,Cybersecurity Analyst
data,excellent,analytics,btech,Data Scientist
data,good,analytics,mba,Business Analyst
editing,excellent,marketing,bba,Content Writer
linux,good,media,diploma,Network Engineer
java,good,technology,bca,Software Developer
construction,good,engineering,diploma,Civil Engineer
css,excellent,creative,bfa,UI/UX Designer
biology,good,healthcare,md,Doctor
math,average,technology,btech,Data Scientist
medicine,excellent,science,md,Doctor
interviewing,excellent,news,ba,Journalist
python,good,technology,mtech,Machine Learning Engineer
python,good,analytics,mtech,Machine Learning Engineer
sql,good,analytics,mca,Data Engineer
seo,excellent,business,bba,Marketing Manager
editing,good,media,bba,Content Writer
data,good,research,phd,Data Scientist
interviewing,excellent,media,ma,Journalist
chemistry,good,science,msc,Chemist
research,good,research,phd,Chemist
database,good,technology,bsc,Full Stack Developer
networking,good,infrastructure,mca,DevOps Engineer
writing,average,marketing,ba,Content Writer
node,good,technology,mca,Backend Engineer
writing,excellent,news,ma,Journalist
javascript,excellent,science,mbbs,Doctor
biology,good,research,mbbs,Biologist
lab,average,research,msc,Biologist
lab,average,research,bsc,Chemist
management,good,business,mba,Business Analyst
interviewing,excellent,news,ba,Journalist
python,good,analytics,mtech,Machine Learning Engineer
java,average,business,bsc,Software Developer
photoshop,average,analytics,bdes,Graphic Designer
psychology,excellent,business,ba,HR Manager
math,good,business,bsc,Data Analyst
agile,excellent,technology,mba,Product Manager
math,good,analytics,msc,AI/ML Engineer
web,good,technology,bsc,Full Stack Developer
data,good,analytics,btech,Data Analyst
biology,average,science,mbbs,Biologist
math,good,engineering,msc,AI/ML Engineer
mechanics,average,engineering,btech,Mechanical Engineer
hardware,good,technology,btech,Network Engineer
r,good,analytics,phd,Data Scientist
html,excellent,technology,ba,UI/UX Designer
javascript,average,technology,btech,Full Stack Developer
database,good,technology,mca,Backend Engineer
c++,good,technology,btech,Software Developer
networking,excellent,technology,btech,Cybersecurity Analyst
html,excellent,creative,bfa,UI/UX Designer
cad,average,infrastructure,mtech,Civil Engineer
design,good,creative,bdes,UI/UX Designer
math,good,finance,bba,Financial Analyst
diagnosis,good,science,mbbs,Doctor
c++,good,technology,mtech,Software Developer
management,excellent,business,mba,Marketing Manager
diagnosis,excellent,news,ba,Journalist
security,good,infrastructure,btech,DevOps Engineer
art,good,media,bfa,Graphic Designer
data,good,technology,mca,Data Engineer
python,good,technology,btech,AI/ML Engineer
lab,good,science,msc,Biologist
math,excellent,technology,btech,AI/ML Engineer
research,good,science,bsc,Biologist
investigation,average,media,ba,Journalist
lab,average,research,bsc,Biologist
sql,excellent,healthcare,md,Doctor
python,good,technology,btech,Data Engineer
chemistry,average,research,bsc,Chemist
cad,average,engineering,mtech,Mechanical Engineer
cad,average,infrastructure,mtech,Civil Engineer
python,good,technology,mca,DevOps Engineer
python,good,analytics,msc,Machine Learning Engineer
security,good,infrastructure,btech,DevOps Engineer
sql,excellent,analytics,bsc,Data Scientist
math,excellent,technology,btech,Machine Learning Engineer
sql,excellent,business,btech,Business Analyst
python,excellent,technology,bsc,Cybersecurity Analyst
python,good,technology,mtech,Machine Learning Engineer
research,good,science,phd,Chemist
security,average,technology,diploma,Network Engineer
medicine,excellent,technology,mbbs,Doctor
illustrator,good,creative,bfa,Graphic Designer
research,good,research,phd,Biologist
research,average,research,msc,Chemist
linux,average,technology,bsc,Network Engineer
node,good,technology,btech,Backend Engineer
data,good,technology,msc,Machine Learning Engineer
database,good,technology,mca,Full Stack Developer
javascript,average,technology,bsc,Full Stack Developer
design,excellent,technology,ba,UI/UX Designer
management,excellent,business,mba,Product Manager
design,excellent,technology,bsc,UI/UX Designer
math,good,technology,mtech,Machine Learning Engineer
database,average,technology,mca,Full Stack Developer
sql,good,technology,bsc,Data Engineer
javascript,good,technology,bsc,Full Stack Developer
editing,good,marketing,ma,Content Writer
diagnosis,good,technology,mbbs,Doctor
networking,average,technology,bsc,Network Engineer
networking,good,infrastructure,btech,Network Engineer
sql,good,analytics,btech,Data Engineer
chemistry,average,science,phd,Chemist
writing,excellent,news,ba,Journalist
construction,good,infrastructure,mtech,Civil Engineer
security,average,infrastructure,bsc,Network Engineer
interviewing,poor,news,ba,Journalist
python,good,technology,msc,Machine Learning Engineer
management,excellent,hr,bba,HR Manager
css,good,business,bfa,UI/UX Designer
excel,excellent,analytics,bba,Business Analyst
security,good,infrastructure,mca,DevOps Engineer
accounting,excellent,business,mba,Financial Analyst
math,good,analytics,mtech,AI/ML Engineer
strategy,excellent,business,bba,Product Manager
seo,excellent,marketing,mba,Marketing Manager
networking,excellent,security,bsc,Cybersecurity Analyst
math,poor,technology,mtech,Machine Learning Engineer
python,excellent,technology,btech,Data Scientist
database,average,technology,bsc,Full Stack Developer
excel,excellent,finance,mba,Financial Analyst
illustrator,good,media,bdes,Graphic Designer
medicine,excellent,science,md,Doctor
cad,average,engineering,btech,Mechanical Engineer
javascript,average,technology,mca,Full Stack Developer
illustrator,good,media,bfa,Graphic Designer
writing,poor,media,mba,Journalist
accounting,good,business,mcom,Financial Analyst
linux,average,security,bsc,Cybersecurity Analyst
agile,excellent,business,mba,Product Manager
python,good,technology,btech,Data Engineer
lab,good,research,bsc,Biologist
css,good,technology,bdes,UI/UX Designer
biology,good,healthcare,mbbs,Doctor
networking,good,technology,diploma,Network Engineer
web,good,analytics,btech,Machine Learning Engineer
python,good,technology,btech,Data Engineer
math,good,analytics,msc,AI/ML Engineer
python,average,technology,btech,Full Stack Developer
networking,good,infrastructure,mca,DevOps Engineer
linux,average,technology,diploma,Network Engineer
cad,average,manufacturing,mtech,Mechanical Engineer
physics,good,manufacturing,mtech,Mechanical Engineer
html,good,technology,diploma,UI/UX Designer
accounting,excellent,finance,bba,Financial Analyst
security,good,technology,btech,DevOps Engineer
management,excellent,technology,btech,Product Manager
java,good,technology,mca,Software Developer
art,good,marketing,ba,Content Writer
data,good,technology,btech,Machine Learning Engineer
python,good,technology,msc,Machine Learning Engineer
illustrator,good,media,ba,Content Writer
python,excellent,security,bsc,Cybersecurity Analyst
math,average,technology,msc,Machine Learning Engineer
accounting,good,finance,bcom,Financial Analyst
excel,good,business,bba,Financial Analyst
javascript,average,technology,bca,Software Developer
marketing,good,marketing,mba,Marketing Manager
art,good,media,mba,Graphic Designer
python,good,security,bsc,Cybersecurity Analyst
construction,average,infrastructure,diploma,Civil Engineer
html,excellent,creative,bdes,UI/UX Designer
lab,average,research,phd,Chemist
sql,excellent,healthcare,md,Doctor
lab,average,research,bsc,Biologist
python,average,technology,mca,Backend Engineer
database,average,business,mca,Backend Engineer
math,good,business,bcom,Financial Analyst
database,average,technology,mca,Full Stack Developer
math,good,technology,mtech,Machine Learning Engineer
management,average,infrastructure,btech,Network Engineer
interviewing,excellent,news,diploma,Journalist
networking,good,technology,btech,DevOps Engineer
data,good,analytics,btech,Data Engineer
data,average,analytics,btech,Business Analyst
design,average,engineering,diploma,Mechanical Engineer
management,excellent,business,bba,Product Manager
management,excellent,hr,bba,HR Manager
photoshop,good,creative,bdes,Graphic Designer
c++,average,technology,mca,Software Developer
management,excellent,hr,ba,HR Manager
data,good,technology,msc,Machine Learning Engineer
seo,good,business,diploma,Marketing Manager
biology,average,research,bsc,Biologist
python,good,technology,mca,DevOps Engineer
art,good,creative,bdes,Graphic Designer
data,good,business,btech,Data Analyst
data,good,business,btech,Business Analyst
writing,excellent,marketing,bba,Marketing Manager
research,average,research,phd,Chemist
management,excellent,business,bba,HR Manager
linux,good,technology,mtech,Cybersecurity Analyst
python,average,technology,btech,Full Stack Developer
javascript,good,technology,mca,Full Stack Developer
illustrator,good,creative,bdes,Graphic Designer
data,excellent,technology,msc,AI/ML Engineer
writing,excellent,media,diploma,Journalist
physics,average,engineering,btech,Mechanical Engineer
research,good,research,bsc,Chemist
database,good,technology,btech,Data Engineer
figma,excellent,technology,ba,UI/UX Designer
figma,good,creative,bdes,UI/UX Designer
math,good,finance,bcom,Financial Analyst
writing,excellent,media,ba,Journalist
management,good,business,ba,HR Manager
finance,good,finance,mba,Financial Analyst
excel,good,finance,mcom,Financial Analyst
hardware,good,infrastructure,bsc,Network Engineer
seo,excellent,marketing,mba,Marketing Manager
research,good,research,msc,Chemist
python,poor,analytics,mca,Data Engineer
javascript,average,technology,btech,Full Stack Developer
python,average,technology,btech,Full Stack Developer
art,good,creative,bdes,Graphic Designer
math,good,analytics,btech,Data Analyst
mechanics,average,manufacturing,diploma,Mechanical Engineer
figma,good,technology,ba,UI/UX Designer
construction,average,infrastructure,diploma,Civil Engineer
javascript,average,technology,btech,Full Stack Developer
c++,good,technology,bca,Software Developer
illustrator,poor,creative,bfa,Graphic Designer
css,excellent,creative,bsc,UI/UX Designer
node,good,technology,bsc,Backend Engineer
security,average,security,btech,Cybersecurity Analyst
cad,average,infrastructure,diploma,Civil Engineer
marketing,excellent,marketing,bba,Marketing Manager
design,excellent,creative,bfa,UI/UX Designer
sql,excellent,analytics,mtech,Data Scientist
java,average,technology,mca,Software Developer
security,good,technology,mtech,Cybersecurity Analyst
database,good,technology,mca,Data Engineer
strategy,excellent,technology,btech,Product Manager
math,excellent,finance,bcom,Financial Analyst
python,good,analytics,btech,Data Engineer
python,average,technology,mtech,Software Developer
writing,good,marketing,mba,Marketing Manager
python,good,analytics,btech,Machine Learning Engineer
python,good,technology,mtech,Machine Learning Engineer
security,average,technology,bsc,Network Engineer
mechanics,good,manufacturing,high_school,Mechanical Engineer
python,excellent,analytics,btech,AI/ML Engineer
biology,average,science,bca,Biologist
python,good,analytics,btech,Data Scientist
art,average,creative,mba,Graphic Designer
python,good,technology,mca,Data Engineer
strategy,excellent,technology,bba,Product Manager
math,good,finance,mba,Financial Analyst
cad,good,infrastructure,mtech,Civil Engineer
database,average,technology,btech,Backend Engineer
math,excellent,business,bcom,Financial Analyst
networking,good,infrastructure,diploma,Network Engineer
java,good,technology,mtech,Backend Engineer
node,good,technology,bsc,Backend Engineer
finance,excellent,finance,mcom,Financial Analyst
web,good,marketing,bca,Software Developer
excel,good,business,bba,Data Analyst
excel,excellent,finance,btech,Financial Analyst
sql,excellent,research,mtech,Data Scientist
deep learning,good,analytics,msc,AI/ML Engineer
biology,good,healthcare,md,Doctor
deep learning,excellent,analytics,mtech,AI/ML Engineer
r,good,research,phd,Data Scientist
java,average,technology,mtech,Backend Engineer
lab,good,research,phd,Chemist
cad,good,engineering,diploma,Mechanical Engineer
hardware,good,technology,btech,Network Engineer
math,excellent,technology,btech,AI/ML Engineer
seo,excellent,marketing,mba,Marketing Manager
math,good,business,bba,Financial Analyst
html,good,creative,bfa,UI/UX Designer
python,excellent,technology,btech,Full Stack Developer
art,good,media,bfa,Graphic Designer
data,excellent,news,btech,AI/ML Engineer
design,average,creative,diploma,Graphic Designer
lab,good,science,ba,Biologist
linux,good,infrastructure,mca,DevOps Engineer
math,excellent,analytics,msc,AI/ML Engineer
communication,good,technology,mtech,Software Developer
investigation,excellent,news,ba,Journalist
figma,excellent,creative,bdes,UI/UX Designer
lab,average,analytics,bsc,Chemist
data,good,analytics,msc,Machine Learning Engineer
networking,good,business,mtech,Cybersecurity Analyst
investigation,excellent,media,ba,Journalist
cad,average,engineering,btech,Mechanical Engineer
research,good,research,msc,Biologist
research,good,science,phd,Biologist
math,good,analytics,bsc,Data Analyst
cad,average,manufacturing,btech,Mechanical Engineer
math,good,analytics,mtech,Machine Learning Engineer
research,good,science,mbbs,Biologist
accounting,good,finance,bcom,Financial Analyst
python,good,technology,msc,AI/ML Engineer
c++,good,media,mca,Software Developer
javascript,excellent,technology,bsc,Full Stack Developer
data,good,technology,mca,Data Engineer
mechanics,good,manufacturing,mtech,Mechanical Engineer
seo,excellent,marketing,ba,Content Writer
art,average,media,bdes,Graphic Designer
data,excellent,analytics,btech,AI/ML Engineer
biology,good,science,msc,Biologist
hardware,good,infrastructure,diploma,Network Engineer
sql,excellent,research,bsc,Data Scientist
c++,average,technology,mtech,Software Developer
research,good,science,bsc,Biologist
java,good,technology,mca,Backend Engineer
java,average,technology,mtech,Backend Engineer
security,good,technology,mtech,Cybersecurity Analyst
seo,excellent,marketing,ma,Content Writer
biology,good,research,mbbs,Biologist
art,average,creative,bdes,Graphic Designer
sql,good,business,mba,Business Analyst
networking,good,infrastructure,btech,DevOps Engineer
excel,good,infrastructure,mca,DevOps Engineer
data,good,analytics,mba,Business Analyst
photoshop,average,media,bdes,Graphic Designer
networking,good,security,btech,Cybersecurity Analyst
writing,good,marketing,bba,Content Writer
security,excellent,security,bsc,Cybersecurity Analyst
c++,average,technology,btech,Software Developer
seo,good,marketing,ba,Content Writer
html,good,creative,bsc,UI/UX Designer
medicine,good,healthcare,mbbs,Doctor
figma,good,creative,bdes,UI/UX Designer
data,good,analytics,bba,Data Analyst
data,good,technology,btech,AI/ML Engineer
python,average,technology,mtech,Software Developer
python,good,technology,mtech,Cybersecurity Analyst
accounting,good,business,mba,Financial Analyst
math,good,technology,mtech,AI/ML Engineer
html,excellent,technology,bfa,UI/UX Designer
web,average,technology,btech,Full Stack Developer
finance,excellent,analytics,mtech,AI/ML Engineer
accounting,good,finance,bcom,Financial Analyst
research,excellent,analytics,bba,Data Analyst
networking,good,security,mtech,Cybersecurity Analyst
research,average,research,phd,Chemist
research,average,science,btech,Biologist
python,excellent,technology,msc,AI/ML Engineer
data,good,analytics,btech,AI/ML Engineer
physics,good,engineering,btech,Civil Engineer
linux,good,hr,btech,Network Engineer
photoshop,average,creative,bfa,Graphic Designer
python,excellent,technology,btech,Backend Engineer
biology,average,science,bsc,Biologist
data,excellent,analytics,mtech,AI/ML Engineer
management,good,marketing,bba,Marketing Manager
biology,good,technology,btech,Machine Learning Engineer
seo,excellent,media,ba,Content Writer
design,excellent,business,btech,Product Manager
art,good,media,bfa,Graphic Designer
linux,good,technology,btech,Network Engineer
figma,excellent,healthcare,mbbs,Doctor
editing,good,marketing,bba,Content Writer
accounting,excellent,business,mcom,Financial Analyst
finance,good,finance,bba,Financial Analyst
java,good,technology,mtech,Software Developer
data,excellent,analytics,mba,AI/ML Engineer
medicine,good,healthcare,md,Doctor
diagnosis,excellent,science,md,Doctor
cad,good,engineering,btech,Civil Engineer
management,excellent,marketing,mba,Marketing Manager
medicine,good,healthcare,md,Doctor
investigation,excellent,news,diploma,Journalist
node,average,technology,bsc,Backend Engineer
biology,excellent,science,mbbs,Biologist
management,excellent,business,bba,Product Manager
data,good,business,btech,Data Analyst
seo,good,marketing,bba,Marketing Manager
math,good,analytics,mtech,Cybersecurity Analyst
data,good,business,bsc,Data Analyst
marketing,good,business,bba,Marketing Manager
figma,excellent,security,btech,Cybersecurity Analyst
sql,average,business,bba,Business Analyst
communication,excellent,hr,mba,HR Manager
web,good,technology,mca,Software Developer
javascript,average,technology,btech,Full Stack Developer
python,good,technology,mtech,Machine Learning Engineer
excel,good,analytics,bba,Data Analyst
networking,average,technology,bsc,Network Engineer
physics,good,manufacturing,mtech,Mechanical Engineer
mechanics,average,engineering,diploma,Mechanical Engineer
networking,poor,technology,bsc,Network Engineer
sql,good,technology,mca,Backend Engineer
linux,average,infrastructure,btech,Network Engineer
excel,good,analytics,bba,Data Analyst
diagnosis,good,science,mbbs,Doctor
strategy,excellent,technology,bba,Product Manager
seo,excellent,marketing,ba,Content Writer
management,good,business,mba,Marketing Manager
lab,good,research,msc,Chemist
excel,good,finance,bcom,Financial Analyst
agile,excellent,business,high_school,Product Manager
node,good,technology,btech,Data Engineer
biology,good,research,msc,Biologist
writing,excellent,media,ma,Journalist
accounting,good,finance,mba,Financial Analyst
excel,excellent,business,mcom,Financial Analyst
sql,excellent,technology,bsc,Data Scientist
data,excellent,analytics,mtech,AI/ML Engineer
math,good,business,bcom,Financial Analyst
chemistry,average,research,msc,Chemist
node,excellent,technology,btech,Backend Engineer
web,good,technology,mca,Full Stack Developer
python,good,technology,btech,Data Engineer
writing,excellent,media,bba,Content Writer
research,average,research,msc,Chemist
writing,excellent,media,bba,Content Writer
data,good,technology,btech,AI/ML Engineer
communication,excellent,hr,bba,HR Manager
photoshop,average,creative,bdes,Graphic Designer
biology,average,science,mbbs,Doctor
design,good,technology,mba,UI/UX Designer
networking,good,technology,btech,Cybersecurity Analyst
deep learning,excellent,analytics,mtech,AI/ML Engineer
cad,average,infrastructure,mba,Civil Engineer
networking,good,technology,mtech,Cybersecurity Analyst
seo,excellent,marketing,bba,Marketing Manager
seo,average,marketing,bba,Content Writer
editing,excellent,media,ba,Content Writer
lab,average,research,mbbs,Biologist
writing,good,media,ba,Content Writer
web,average,technology,mca,Full Stack Developer
web,average,technology,bca,Software Developer
deep learning,excellent,analytics,msc,AI/ML Engineer
editing,excellent,media,ba,Content Writer
editing,good,media,ba,Content Writer
java,average,technology,mtech,Software Developer
math,good,analytics,btech,Machine Learning Engineer
deep learning,good,analytics,btech,AI/ML Engineer
css,good,technology,bsc,UI/UX Designer
mechanics,average,engineering,diploma,Mechanical Engineer
linux,average,technology,bsc,Network Engineer
python,good,technology,btech,Backend Engineer
figma,excellent,technology,bfa,UI/UX Designer
database,average,technology,mca,Backend Engineer
css,good,technology,bsc,UI/UX Designer
math,excellent,research,bca,Data Scientist
c++,good,technology,mtech,Software Developer
security,excellent,technology,bsc,Cybersecurity Analyst
web,good,technology,mca,Full Stack Developer
finance,excellent,finance,bcom,Financial Analyst
cad,good,engineering,diploma,Civil Engineer
data,good,analytics,btech,Data Analyst
lab,average,research,mbbs,Biologist
database,average,technology,mca,Backend Engineer
biology,excellent,science,mbbs,Doctor
r,good,technology,mtech,Data Scientist
design,average,media,bfa,Graphic Designer
writing,excellent,news,diploma,Journalist
construction,good,infrastructure,mtech,Civil Engineer
figma,excellent,creative,ba,UI/UX Designer
photoshop,average,media,bdes,Graphic Designer
python,average,technology,bsc,Full Stack Developer
linux,good,infrastructure,btech,Network Engineer
biology,good,healthcare,md,Doctor
python,average,technology,bca,Software Developer
finance,excellent,business,mcom,Financial Analyst
management,excellent,business,mba,Product Manager
python,good,technology,bsc,Full Stack Developer
node,excellent,analytics,mtech,Backend Engineer
java,average,technology,bsc,Backend Engineer
c++,average,technology,btech,Software Developer
physics,average,infrastructure,btech,Civil Engineer
seo,excellent,media,bba,Content Writer
hardware,good,technology,bsc,Network Engineer
art,average,media,diploma,Graphic Designer
data,good,analytics,mca,Data Engineer
seo,good,marketing,bba,Marketing Manager
finance,excellent,business,mcom,Financial Analyst
hardware,average,technology,bsc,Network Engineer
management,excellent,business,ba,HR Manager
communication,excellent,business,ba,HR Manager
r,excellent,research,mtech,Data Scientist
design,good,creative,bdes,UI/UX Designer
python,good,technology,btech,Data Engineer
data,good,technology,msc,Machine Learning Engineer
agile,excellent,business,bba,Product Manager
figma,excellent,technology,bsc,UI/UX Designer
linux,good,infrastructure,high_school,Network Engineer
communication,excellent,business,bba,HR Manager
security,good,technology,btech,DevOps Engineer
excel,good,business,bba,Data Analyst
art,average,creative,bdes,Graphic Designer
c++,good,technology,bsc,Software Developer
java,good,technology,mca,Software Developer
cad,average,manufacturing,btech,Mechanical Engineer
cad,good,engineering,mtech,Civil Engineer
research,average,research,mbbs,Biologist
security,good,technology,btech,DevOps Engineer
strategy,excellent,business,btech,Product Manager
networking,average,security,mtech,Cybersecurity Analyst
web,average,technology,bsc,Full Stack Developer
sql,good,technology,btech,Data Scientist
javascript,good,technology,btech,Software Developer
sql,good,analytics,btech,Data Scientist
figma,excellent,technology,bsc,UI/UX Designer
diagnosis,excellent,science,mbbs,Doctor
psychology,excellent,hr,bba,HR Manager
diagnosis,good,healthcare,mbbs,Doctor
interviewing,excellent,news,ba,Journalist
chemistry,good,research,bsc,Chemist
art,good,finance,bcom,Financial Analyst
python,good,technology,mca,Full Stack Developer
excel,excellent,business,btech,Business Analyst
networking,good,security,mtech,Cybersecurity Analyst
python,good,technology,btech,Full Stack Developer
writing,good,marketing,bca,Content Writer
java,excellent,technology,mca,Backend Engineer
lab,good,science,msc,Chemist
python,good,technology,mca,Data Engineer
database,good,technology,bsc,Backend Engineer
management,excellent,technology,bba,Product Manager
figma,excellent,creative,bdes,UI/UX Designer
networking,average,infrastructure,btech,Network Engineer
python,good,technology,mca,Backend Engineer
html,excellent,technology,bfa,UI/UX Designer
linux,good,infrastructure,mca,DevOps Engineer
editing,good,media,bba,Content Writer
data,good,technology,msc,Machine Learning Engineer
python,good,technology,msc,Machine Learning Engineer
psychology,excellent,technology,btech,AI/ML Engineer
math,good,analytics,msc,AI/ML Engineer
python,good,technology,mca,Full Stack Developer
security,good,technology,mca,DevOps Engineer
security,good,infrastructure,btech,DevOps Engineer
cad,average,manufacturing,diploma,Mechanical Engineer
biology,good,research,phd,Biologist
research,average,science,msc,Chemist
math,good,analytics,msc,Data Scientist
research,good,research,phd,Chemist
web,average,technology,mca,Software Developer
math,good,business,bsc,Data Analyst
data,good,analytics,msc,Machine Learning Engineer
html,excellent,technology,bsc,UI/UX Designer
writing,good,business,mba,Marketing Manager
seo,excellent,business,mba,Marketing Manager
data,good,research,msc,Data Scientist
research,good,research,msc,Chemist
diagnosis,good,healthcare,ba,Doctor
illustrator,good,creative,bfa,Graphic Designer
html,excellent,technology,bdes,UI/UX Designer
python,excellent,technology,mtech,Data Scientist
art,good,media,diploma,Graphic Designer
math,excellent,business,mba,Financial Analyst
sql,good,business,bba,Business Analyst
python,good,analytics,mca,Data Engineer
interviewing,excellent,news,diploma,Journalist
sql,average,technology,mtech,Backend Engineer
cad,average,infrastructure,diploma,Civil Engineer
strategy,excellent,technology,mba,Product Manager
math,average,research,btech,Data Scientist
java,average,technology,mca,Backend Engineer
seo,good,media,ma,Content Writer
research,average,research,mbbs,Biologist
psychology,excellent,business,mba,HR Manager
python,good,technology,btech,Machine Learning Engineer
r,excellent,technology,mtech,Data Scientist
python,good,technology,bsc,Backend Engineer
math,excellent,analytics,mtech,AI/ML Engineer
networking,good,security,btech,Cybersecurity Analyst
agile,excellent,business,btech,Product Manager
sql,excellent,analytics,bsc,Data Scientist
cad,average,engineering,mtech,Mechanical Engineer
math,excellent,analytics,bsc,Data Scientist
psychology,excellent,hr,bba,HR Manager
biology,good,research,mbbs,Biologist
javascript,average,technology,bsc,Full Stack Developer
excel,good,finance,mcom,Financial Analyst
art,average,creative,bdes,Graphic Designer
communication,excellent,business,mba,HR Manager
physics,average,engineering,btech,Civil Engineer
html,excellent,technology,bsc,UI/UX Designer
figma,good,analytics,btech,Data Engineer
math,excellent,news,btech,AI/ML Engineer
html,excellent,creative,btech,UI/UX Designer
illustrator,good,media,bdes,Graphic Designer
marketing,excellent,marketing,bba,Marketing Manager
hardware,good,technology,btech,Network Engineer
math,excellent,analytics,msc,AI/ML Engineer
seo,good,marketing,bba,Content Writer
data,good,research,mtech,Data Scientist
excel,good,analytics,btech,Data Analyst
python,average,technology,mca,Backend Engineer
lab,good,science,phd,Chemist
lab,good,research,phd,Chemist
linux,good,technology,mtech,Cybersecurity Analyst
writing,good,media,bba,Content Writer
python,good,analytics,msc,AI/ML Engineer
networking,good,technology,mtech,Cybersecurity Analyst
physics,average,manufacturing,btech,Mechanical Engineer
writing,excellent,business,bba,Marketing Manager
excel,excellent,finance,mcom,Financial Analyst
database,average,technology,btech,Full Stack Developer
networking,average,infrastructure,bsc,Network Engineer
html,good,technology,ba,UI/UX Designer
psychology,excellent,hr,mca,HR Manager
research,average,research,msc,Biologist
communication,excellent,hr,ba,HR Manager
construction,good,infrastructure,mtech,Civil Engineer
writing,excellent,marketing,bba,Marketing Manager
biology,average,science,mbbs,Biologist
linux,good,technology,btech,Network Engineer
security,good,security,btech,Cybersecurity Analyst
python,good,technology,btech,Backend Engineer
math,excellent,finance,mcom,Financial Analyst
art,good,media,bfa,Graphic Designer
strategy,excellent,business,bba,Product Manager
networking,good,security,mtech,Cybersecurity Analyst
cad,average,engineering,mtech,Civil Engineer
cad,average,engineering,btech,Civil Engineer
node,excellent,technology,mtech,Backend Engineer
accounting,good,business,bba,Financial Analyst
sql,excellent,business,bba,Business Analyst
database,good,technology,mtech,Backend Engineer
biology,good,research,msc,Biologist
database,good,technology,diploma,Backend Engineer
physics,average,infrastructure,diploma,Civil Engineer
seo,excellent,marketing,bba,Content Writer
design,average,engineering,diploma,Network Engineer
java,average,technology,btech,Backend Engineer
security,good,technology,btech,DevOps Engineer
database,good,technology,mca,Data Engineer
management,good,technology,mba,Business Analyst
interviewing,excellent,news,ma,Journalist
illustrator,good,media,diploma,Graphic Designer
investigation,excellent,news,ma,Journalist
agile,excellent,technology,bba,Product Manager
javascript,good,technology,ba,Software Developer
editing,excellent,marketing,ba,Content Writer
art,average,media,diploma,Graphic Designer
excel,good,technology,btech,Business Analyst
python,good,technology,mtech,Backend Engineer
research,good,research,bsc,Chemist
security,poor,security,btech,Cybersecurity Analyst
linux,good,security,btech,Cybersecurity Analyst
management,excellent,technology,bba,Marketing Manager
math,excellent,finance,mcom,Financial Analyst
python,good,technology,mca,DevOps Engineer
python,excellent,technology,mca,Data Engineer
linux,good,technology,btech,Network Engineer
lab,good,science,mbbs,Biologist
illustrator,good,creative,bfa,Graphic Designer
excel,good,analytics,bba,Data Analyst
python,excellent,technology,mtech,AI/ML Engineer
agile,excellent,technology,mba,Product Manager
lab,average,science,bsc,Chemist
research,average,research,bsc,Biologist
sql,good,analytics,mca,Data Engineer
html,good,technology,bfa,UI/UX Designer
writing,excellent,news,ba,Journalist
python,good,analytics,mca,Data Engineer
python,average,technology,msc,Machine Learning Engineer
linux,good,technology,btech,Cybersecurity Analyst
writing,excellent,media,ba,Journalist
data,good,analytics,msc,Machine Learning Engineer
javascript,good,technology,bca,Software Developer
management,excellent,business,ba,HR Manager
database,poor,analytics,mca,Data Engineer
strategy,excellent,technology,mba,Product Manager
biology,good,research,btech,Biologist
database,poor,technology,mca,Full Stack Developer
art,good,creative,diploma,Graphic Designer
linux,excellent,business,btech,Cybersecurity Analyst
web,good,technology,btech,Full Stack Developer
python,good,technology,mca,Data Engineer
java,average,technology,btech,Backend Engineer
hardware,average,infrastructure,bsc,Network Engineer
writing,good,media,ba,Content Writer
management,excellent,technology,bba,Product Manager
management,excellent,hr,ba,HR Manager
python,good,technology,btech,DevOps Engineer
management,good,analytics,btech,Business Analyst
sql,good,research,btech,Data Scientist
strategy,excellent,business,mba,Product Manager
database,good,technology,btech,Full Stack Developer
javascript,average,technology,bsc,Software Developer
python,good,security,btech,Cybersecurity Analyst
mechanics,average,manufacturing,btech,Mechanical Engineer
cad,good,engineering,btech,Civil Engineer
r,good,technology,bsc,Data Scientist
research,average,research,phd,Biologist
security,good,infrastructure,btech,DevOps Engineer
strategy,excellent,business,btech,Product Manager
hardware,good,technology,bsc,Network Engineer
physics,poor,infrastructure,diploma,Civil Engineer
construction,good,technology,diploma,Civil Engineer
r,excellent,technology,mtech,Data Scientist
strategy,excellent,business,btech,Product Manager
cad,average,engineering,btech,Mechanical Engineer
interviewing,excellent,news,ma,Journalist
writing,good,media,ma,Content Writer
construction,poor,technology,diploma,Civil Engineer
management,excellent,hr,mba,HR Manager
cad,good,manufacturing,high_school,Mechanical Engineer
security,good,security,mtech,Cybersecurity Analyst
management,excellent,business,mba,Business Analyst
database,good,technology,btech,Data Engineer
cad,average,engineering,diploma,Civil Engineer
chemistry,good,research,bsc,Chemist
python,good,analytics,mtech,Machine Learning Engineer
database,average,technology,btech,Full Stack Developer
biology,good,healthcare,md,Doctor
biology,average,science,msc,Biologist
chemistry,good,science,bsc,Chemist
marketing,excellent,marketing,bba,Marketing Manager
medicine,good,healthcare,mbbs,Doctor
strategy,excellent,technology,btech,Product Manager
art,excellent,creative,bfa,Graphic Designer
python,good,technology,msc,Machine Learning Engineer
sql,excellent,media,ma,Journalist
sql,good,technology,mca,Data Engineer
diagnosis,poor,science,mbbs,Doctor
research,poor,science,bsc,Biologist
psychology,excellent,infrastructure,high_school,HR Manager
lab,good,research,phd,Biologist
excel,good,finance,mcom,Financial Analyst
excel,good,business,mba,Business Analyst
linux,good,infrastructure,btech,DevOps Engineer
illustrator,poor,creative,bdes,Graphic Designer
hardware,average,technology,diploma,Network Engineer
css,good,creative,bdes,UI/UX Designer
physics,good,infrastructure,diploma,Civil Engineer
database,good,technology,bsc,Backend Engineer
database,average,technology,btech,Full Stack Developer
chemistry,average,research,msc,Chemist
security,average,infrastructure,btech,Network Engineer
figma,good,technology,bfa,UI/UX Designer
sql,good,technology,msc,Data Scientist
math,good,analytics,msc,Machine Learning Engineer
research,good,science,msc,Biologist
python,excellent,technology,btech,Cybersecurity Analyst
node,good,technology,btech,Backend Engineer
python,good,analytics,msc,Data Scientist
hardware,good,technology,bsc,Network Engineer
cad,good,engineering,diploma,Civil Engineer
deep learning,excellent,technology,btech,AI/ML Engineer
python,excellent,technology,btech,Cybersecurity Analyst
construction,good,infrastructure,diploma,Civil Engineer
database,average,technology,mca,Backend Engineer
research,average,research,msc,Chemist
seo,good,business,mba,Marketing Manager
management,poor,technology,bba,Product Manager
management,average,business,btech,Business Analyst
python,good,technology,btech,Data Engineer
data,good,technology,btech,Machine Learning Engineer
finance,excellent,finance,bcom,Financial Analyst
physics,good,manufacturing,btech,Mechanical Engineer
cad,average,engineering,diploma,Civil Engineer
sql,good,science,btech,Business Analyst
sql,excellent,analytics,bba,Business Analyst
security,good,infrastructure,mca,DevOps Engineer
illustrator,average,media,bfa,Graphic Designer
python,average,technology,btech,Full Stack Developer
python,good,security,btech,Cybersecurity Analyst
excel,good,analytics,bsc,Data Analyst
javascript,average,business,btech,Software Developer
investigation,excellent,news,ma,Journalist
lab,good,science,msc,Biologist
writing,good,marketing,bba,Marketing Manager
sql,excellent,analytics,bba,Business Analyst
css,poor,creative,bsc,UI/UX Designer
security,excellent,security,bsc,Cybersecurity Analyst
management,good,business,bba,Marketing Manager
database,average,technology,bsc,Backend Engineer
math,excellent,technology,mtech,AI/ML Engineer
accounting,good,infrastructure,mca,DevOps Engineer
python,good,technology,btech,Full Stack Developer
research,good,science,phd,Chemist
linux,good,technology,bsc,Network Engineer
physics,good,manufacturing,diploma,Mechanical Engineer
writing,excellent,news,ma,Journalist
excel,good,business,bcom,Financial Analyst
r,good,technology,phd,Data Scientist
html,good,technology,bfa,UI/UX Designer
node,good,technology,btech,Backend Engineer
data,good,business,bba,Data Analyst
design,good,analytics,btech,Data Engineer
lab,average,science,phd,Chemist
linux,excellent,media,ba,Journalist
agile,excellent,technology,btech,Product Manager
python,good,technology,btech,DevOps Engineer
finance,poor,business,mba,Financial Analyst
mechanics,good,engineering,btech,Mechanical Engineer
biology,average,science,bsc,Biologist
management,excellent,technology,mba,Product Manager
database,average,technology,mca,Full Stack Developer
database,good,technology,mca,Full Stack Developer
database,good,technology,mca,Full Stack Developer
data,excellent,analytics,bsc,Data Scientist
biology,excellent,healthcare,mbbs,Doctor
figma,excellent,creative,bsc,UI/UX Designer
database,average,research,mbbs,Biologist
mechanics,average,engineering,btech,Mechanical Engineer
design,excellent,creative,bdes,UI/UX Designer
biology,excellent,science,md,Doctor
mechanics,good,engineering,diploma,Mechanical Engineer
interviewing,excellent,media,diploma,Journalist
biology,average,research,bsc,Biologist
construction,good,infrastructure,diploma,Civil Engineer
communication,excellent,hr,ba,HR Manager
security,average,technology,bsc,Network Engineer
writing,excellent,news,ba,Journalist
python,excellent,security,bsc,Cybersecurity Analyst
database,average,technology,mtech,Backend Engineer
web,average,business,bsc,Software Developer
security,excellent,technology,mca,DevOps Engineer
chemistry,poor,research,bsc,Chemist
database,excellent,technology,mtech,Backend Engineer
construction,average,infrastructure,btech,Civil Engineer
research,good,analytics,phd,Data Scientist
agile,excellent,business,bba,Product Manager
python,good,analytics,mtech,Machine Learning Engineer
cad,average,engineering,diploma,Mechanical Engineer
networking,good,technology,btech,Network Engineer
diagnosis,good,science,mbbs,Doctor
interviewing,excellent,media,diploma,Journalist
excel,good,business,btech,Business Analyst
python,average,technology,mca,Software Developer
figma,average,creative,ba,UI/UX Designer
strategy,average,science,bsc,Chemist
writing,excellent,media,ma,Journalist
css,good,creative,ba,UI/UX Designer
cad,good,infrastructure,mtech,Civil Engineer
agile,excellent,technology,mba,Product Manager
r,good,analytics,btech,Data Scientist
psychology,excellent,business,bba,HR Manager
agile,poor,technology,mba,Product Manager
management,excellent,business,bba,Marketing Manager
writing,excellent,media,bba,Content Writer
sql,average,analytics,bsc,Data Analyst
physics,average,infrastructure,diploma,Civil Engineer
data,excellent,technology,phd,Data Scientist
biology,good,science,phd,Biologist
linux,good,infrastructure,btech,Network Engineer
database,good,technology,btech,Backend Engineer
physics,average,infrastructure,mtech,Civil Engineer
mechanics,good,engineering,btech,Mechanical Engineer
physics,good,infrastructure,high_school,Civil Engineer
editing,good,marketing,bba,Content Writer
sql,good,business,bba,Data Analyst
security,average,technology,diploma,Network Engineer
diagnosis,good,science,mbbs,Doctor
security,good,science,btech,Network Engineer
mechanics,average,manufacturing,mtech,Mechanical Engineer
construction,good,engineering,mtech,Civil Engineer
construction,good,engineering,mtech,Civil Engineer
physics,average,manufacturing,mtech,Mechanical Engineer
figma,excellent,technology,bsc,UI/UX Designer
management,good,analytics,btech,Business Analyst
linux,good,technology,btech,DevOps Engineer
java,average,technology,msc,Machine Learning Engineer
management,good,business,ba,HR Manager
agile,excellent,technology,mba,Product Manager
writing,excellent,marketing,bba,Marketing Manager
marketing,good,marketing,mba,Marketing Manager
hardware,average,infrastructure,diploma,Network Engineer
mechanics,average,manufacturing,btech,Mechanical Engineer
python,average,security,btech,Cybersecurity Analyst
management,good,analytics,btech,Business Analyst
data,good,analytics,bba,Data Analyst
sql,good,analytics,bsc,Data Analyst
writing,good,media,bba,Content Writer
python,good,technology,btech,AI/ML Engineer
management,excellent,marketing,mba,Marketing Manager
sql,excellent,analytics,bba,Business Analyst
biology,good,research,msc,Biologist
math,excellent,business,mba,Financial Analyst
math,excellent,finance,mba,Financial Analyst
python,good,technology,mca,DevOps Engineer
math,poor,media,diploma,Journalist
writing,excellent,media,ma,Journalist
biology,excellent,technology,bba,Product Manager
python,good,technology,mtech,Cybersecurity Analyst
linux,average,technology,bsc,Network Engineer
diagnosis,excellent,healthcare,md,Doctor
biology,average,research,mbbs,Biologist
mechanics,good,engineering,mtech,Mechanical Engineer
research,average,science,msc,Chemist
excel,excellent,analytics,mba,Business Analyst
editing,good,marketing,bba,Content Writer
biology,good,science,bsc,Biologist
deep learning,good,technology,mtech,AI/ML Engineer
research,average,research,msc,Chemist
management,excellent,business,mba,Business Analyst
math,average,media,bfa,Graphic Designer
deep learning,excellent,technology,btech,AI/ML Engineer
medicine,good,science,phd,Doctor
mechanics,average,media,mtech,Mechanical Engineer
photoshop,average,creative,bfa,Graphic Designer
data,good,technology,mtech,AI/ML Engineer
excel,good,analytics,bsc,Data Analyst
marketing,excellent,marketing,mba,Marketing Manager
writing,good,business,mba,Marketing Manager
seo,good,media,bba,Content Writer
design,excellent,technology,bsc,UI/UX Designer
physics,excellent,engineering,btech,Mechanical Engineer
python,good,infrastructure,btech,DevOps Engineer
writing,excellent,media,diploma,Journalist
biology,good,science,phd,Biologist
lab,good,research,bsc,Chemist
python,excellent,research,ba,Data Scientist
math,good,analytics,ba,Machine Learning Engineer
html,excellent,creative,bdes,UI/UX Designer
management,excellent,business,ba,HR Manager
design,average,media,diploma,Graphic Designer
data,good,analytics,btech,Business Analyst
python,good,technology,btech,Data Engineer
math,good,finance,mba,Financial Analyst
linux,good,technology,btech,DevOps Engineer
deep learning,good,technology,msc,AI/ML Engineer
art,poor,media,diploma,Graphic Designer
security,average,technology,btech,Network Engineer
management,excellent,hr,ba,HR Manager
data,good,analytics,btech,Data Engineer
diagnosis,excellent,healthcare,mbbs,Doctor
communication,excellent,hr,ba,HR Manager
physics,excellent,engineering,mtech,Civil Engineer
communication,excellent,business,mba,HR Manager
interviewing,excellent,news,diploma,Journalist
strategy,excellent,business,bba,Product Manager
excel,excellent,media,diploma,Journalist
java,good,technology,btech,AI/ML Engineer
javascript,good,technology,bsc,Full Stack Developer
python,good,technology,btech,Machine Learning Engineer
networking,good,technology,btech,DevOps Engineer
database,good,technology,btech,Backend Engineer
lab,average,technology,bsc,Biologist
math,excellent,analytics,btech,AI/ML Engineer
python,excellent,analytics,mtech,Machine Learning Engineer
python,excellent,security,bsc,Cybersecurity Analyst
mechanics,good,engineering,diploma,Mechanical Engineer
data,good,business,btech,Data Analyst
sql,good,technology,btech,Data Engineer
finance,excellent,marketing,mba,Marketing Manager
figma,excellent,business,bdes,UI/UX Designer
python,good,technology,mca,Software Developer
python,good,analytics,msc,Machine Learning Engineer
python,average,technology,btech,Software Developer
seo,good,business,mba,Marketing Manager
chemistry,average,research,bsc,Chemist
lab,good,research,phd,Chemist
security,good,research,btech,Network Engineer
excel,good,business,bba,Business Analyst
lab,average,business,msc,Chemist
hardware,average,infrastructure,btech,Network Engineer
marketing,excellent,marketing,bba,Marketing Manager
biology,good,research,bsc,Biologist
construction,average,engineering,diploma,Civil Engineer
math,average,business,btech,Data Analyst
construction,average,infrastructure,diploma,Civil Engineer
strategy,excellent,business,btech,Product Manager
html,excellent,creative,bsc,UI/UX Designer
sql,average,technology,bsc,Backend Engineer
photoshop,excellent,media,bfa,Graphic Designer
lab,good,science,phd,Biologist
linux,average,creative,bsc,Cybersecurity Analyst
math,good,business,bcom,Financial Analyst
data,good,analytics,btech,Machine Learning Engineer
seo,excellent,science,bba,Marketing Manager
math,good,business,bcom,Financial Analyst
c++,good,analytics,bca,Software Developer
math,good,analytics,bba,Data Analyst
cad,good,infrastructure,diploma,Civil Engineer
construction,good,engineering,diploma,Civil Engineer
java,good,technology,mca,Software Developer
sql,good,analytics,bsc,Data Analyst
art,good,creative,diploma,Graphic Designer
finance,good,business,bba,Financial Analyst
linux,average,infrastructure,btech,Network Engineer
security,good,technology,btech,DevOps Engineer
chemistry,average,research,bsc,Chemist
writing,excellent,marketing,bba,Content Writer
communication,excellent,business,mba,HR Manager
python,average,technology,mtech,Software Developer
database,average,technology,btech,Full Stack Developer
database,good,technology,bsc,Backend Engineer
css,average,creative,bdes,UI/UX Designer
research,good,research,phd,Chemist
lab,average,science,mbbs,Biologist
lab,average,science,phd,Chemist
linux,good,technology,mca,DevOps Engineer
python,excellent,technology,bsc,Cybersecurity Analyst
design,excellent,technology,bfa,UI/UX Designer
management,excellent,technology,btech,Product Manager
research,good,research,mbbs,Biologist
data,excellent,research,btech,Data Scientist
design,good,media,diploma,Graphic Designer
security,good,analytics,btech,Data Engineer
javascript,average,technology,bsc,Software Developer
cad,average,engineering,diploma,Civil Engineer
physics,average,manufacturing,btech,Mechanical Engineer
c++,average,technology,btech,Software Developer
editing,excellent,marketing,ba,Content Writer
communication,excellent,business,mba,HR Manager
biology,average,science,bsc,Biologist
networking,good,infrastructure,mca,DevOps Engineer
python,excellent,technology,mtech,Data Scientist
psychology,good,science,phd,Chemist
database,good,technology,bsc,Backend Engineer
diagnosis,excellent,healthcare,diploma,Doctor
figma,excellent,creative,bdes,UI/UX Designer
strategy,excellent,technology,btech,Product Manager
figma,excellent,creative,ba,UI/UX Designer
cad,average,engineering,diploma,Mechanical Engineer
math,good,analytics,btech,AI/ML Engineer
strategy,average,technology,mca,Backend Engineer
management,good,technology,btech,Product Manager
data,good,business,btech,Data Analyst
physics,good,infrastructure,diploma,Civil Engineer
web,average,technology,btech,Full Stack Developer
interviewing,excellent,news,diploma,Journalist
sql,excellent,analytics,mba,Business Analyst
photoshop,average,creative,diploma,Graphic Designer
c++,good,technology,bsc,Software Developer
seo,good,marketing,ba,Content Writer
python,good,technology,mca,Full Stack Developer
diagnosis,excellent,science,md,Doctor
seo,good,media,ba,Content Writer
research,good,research,msc,Chemist
marketing,good,business,bba,Marketing Manager
css,excellent,technology,bfa,UI/UX Designer
cad,average,manufacturing,mtech,Mechanical Engineer
database,average,technology,mca,Backend Engineer
marketing,excellent,marketing,mba,Marketing Manager
r,good,technology,mtech,Data Scientist
strategy,good,business,bba,Product Manager
web,average,media,btech,Software Developer
data,good,technology,btech,Data Engineer
finance,good,finance,mcom,Financial Analyst
math,excellent,technology,msc,AI/ML Engineer
figma,excellent,creative,bsc,UI/UX Designer
figma,good,creative,bfa,UI/UX Designer
management,excellent,hr,mba,HR Manager
hardware,average,infrastructure,bsc,Network Engineer
accounting,excellent,finance,mba,Financial Analyst
data,excellent,technology,mtech,AI/ML Engineer
javascript,average,technology,mca,Software Developer
medicine,excellent,science,mbbs,Doctor
management,excellent,hr,ba,HR Manager
cad,average,infrastructure,diploma,Civil Engineer
data,excellent,research,bsc,Data Scientist
seo,good,media,ma,Content Writer
math,good,analytics,bsc,Data Analyst
biology,average,security,mbbs,Biologist
math,excellent,business,bba,Financial Analyst
seo,excellent,marketing,bba,Marketing Manager
sql,good,technology,mtech,Data Scientist
biology,poor,healthcare,md,Doctor
construction,good,media,btech,Civil Engineer
data,good,technology,msc,Data Scientist
management,excellent,business,bba,Marketing Manager
deep learning,good,analytics,mtech,AI/ML Engineer
management,excellent,business,ba,HR Manager
networking,good,media,bsc,Cybersecurity Analyst
math,good,analytics,msc,Machine Learning Engineer
python,good,technology,btech,AI/ML Engineer
python,good,technology,bsc,Full Stack Developer
seo,good,marketing,bba,Marketing Manager
biology,average,science,mbbs,Biologist
writing,good,media,bba,Content Writer
lab,average,science,bsc,Chemist
art,excellent,hr,bba,HR Manager
sql,good,business,bba,Data Analyst
javascript,average,technology,bsc,Full Stack Developer
mechanics,good,engineering,btech,Mechanical Engineer
python,good,analytics,msc,Machine Learning Engineer
data,good,technology,btech,Data Engineer
data,good,analytics,msc,Data Scientist
design,excellent,technology,ba,UI/UX Designer
communication,excellent,hr,mba,HR Manager
writing,excellent,media,diploma,Journalist
html,good,technology,ba,UI/UX Designer
security,poor,infrastructure,btech,Network Engineer
illustrator,good,creative,bfa,Graphic Designer
cad,good,engineering,mtech,Civil Engineer
css,good,creative,bdes,UI/UX Designer
lab,good,science,msc,Biologist
lab,average,research,msc,Biologist
networking,good,research,mbbs,Biologist
security,average,technology,bsc,Network Engineer
math,excellent,finance,bba,Financial Analyst
investigation,excellent,news,ba,Journalist
writing,good,marketing,bba,Marketing Manager
deep learning,excellent,technology,btech,AI/ML Engineer
management,excellent,business,ba,HR Manager
sql,good,business,btech,Data Analyst
strategy,excellent,business,bba,Product Manager
python,good,infrastructure,mca,DevOps Engineer
data,good,analytics,btech,AI/ML Engineer
python,good,infrastructure,mca,DevOps Engineer
python,excellent,technology,btech,AI/ML Engineer
biology,good,research,msc,Biologist
excel,excellent,business,mcom,Financial Analyst
editing,excellent,media,ma,Content Writer
research,good,science,mca,Biologist
investigation,average,manufacturing,mtech,Mechanical Engineer
research,excellent,business,btech,Business Analyst
linux,good,infrastructure,btech,Network Engineer
management,good,business,btech,Product Manager
math,good,technology,mtech,Machine Learning Engineer
finance,good,finance,bba,Financial Analyst
sql,good,analytics,btech,Data Analyst
python,good,infrastructure,btech,DevOps Engineer
sql,good,technology,mca,Data Engineer
investigation,excellent,news,ba,Journalist
data,excellent,technology,msc,AI/ML Engineer
deep learning,good,technology,btech,AI/ML Engineer
sql,good,technology,mca,Data Engineer
management,excellent,business,mba,HR Manager
physics,average,engineering,diploma,Mechanical Engineer
research,average,technology,mbbs,Biologist
python,good,security,bsc,Cybersecurity Analyst
linux,good,infrastructure,btech,DevOps Engineer
physics,good,engineering,diploma,Civil Engineer
management,excellent,business,bba,HR Manager
accounting,excellent,finance,bba,Financial Analyst
lab,good,marketing,mbbs,Biologist
database,excellent,engineering,high_school,Data Scientist
math,good,business,bba,Data Analyst
cad,good,engineering,mtech,Civil Engineer
data,excellent,analytics,msc,AI/ML Engineer
database,good,technology,mca,Full Stack Developer
python,excellent,technology,bsc,Cybersecurity Analyst
writing,excellent,media,ma,Journalist
finance,good,business,mba,Financial Analyst
data,good,analytics,btech,Data Engineer
linux,good,science,msc,Biologist
database,good,technology,btech,Data Engineer
cad,good,manufacturing,bca,Mechanical Engineer
art,average,creative,diploma,Graphic Designer
data,good,technology,btech,Data Engineer
data,good,analytics,bba,Business Analyst
biology,excellent,science,md,Doctor
security,good,infrastructure,btech,DevOps Engineer
agile,excellent,technology,mba,Product Manager
investigation,excellent,news,ma,Journalist
html,good,technology,bsc,UI/UX Designer
interviewing,excellent,news,ma,Journalist
sql,good,analytics,btech,Data Analyst
lab,average,science,phd,Chemist
web,good,technology,mca,Full Stack Developer
networking,average,technology,bsc,Network Engineer
linux,excellent,security,btech,Cybersecurity Analyst
data,excellent,analytics,btech,AI/ML Engineer
python,excellent,technology,mtech,Data Scientist
math,good,business,bsc,Data Analyst
physics,average,engineering,btech,Civil Engineer
sql,good,business,bba,Business Analyst
seo,excellent,marketing,ba,Content Writer
design,good,media,diploma,Graphic Designer
interviewing,good,news,ma,Journalist
security,excellent,security,bsc,Cybersecurity Analyst
agile,excellent,business,btech,Product Manager
excel,excellent,finance,bba,Financial Analyst
cad,good,security,mtech,Cybersecurity Analyst
python,poor,technology,btech,Machine Learning Engineer
r,poor,business,mcom,Financial Analyst
figma,excellent,news,diploma,Journalist
writing,good,marketing,bba,Content Writer
psychology,excellent,hr,ba,HR Manager
biology,good,science,bsc,Biologist
c++,good,technology,mca,Software Developer
c++,average,technology,bsc,Software Developer
finance,good,finance,mba,Financial Analyst
javascript,poor,technology,bsc,Software Developer
investigation,good,media,bdes,Graphic Designer
marketing,average,business,bba,Marketing Manager
web,good,technology,btech,Full Stack Developer
art,good,creative,diploma,Graphic Designer
data,excellent,research,phd,Data Scientist
illustrator,good,media,bfa,Graphic Designer
linux,excellent,technology,mtech,Cybersecurity Analyst
hardware,average,infrastructure,diploma,Network Engineer
interviewing,excellent,news,ma,Journalist
agile,excellent,analytics,mba,Product Manager
design,excellent,creative,ba,UI/UX Designer
photoshop,average,creative,bdes,Graphic Designer
accounting,poor,business,mcom,Financial Analyst
seo,excellent,research,bba,Content Writer
data,excellent,business,bba,Business Analyst
management,good,technology,btech,Product Manager
excel,good,business,bba,Data Analyst
math,good,finance,mcom,Financial Analyst
networking,excellent,technology,mtech,Cybersecurity Analyst
writing,excellent,media,ma,Content Writer
html,good,technology,bsc,UI/UX Designer
mechanics,average,technology,mtech,Software Developer
python,average,technology,mca,Backend Engineer
data,good,analytics,bsc,Data Analyst
management,excellent,business,bba,Product Manager
linux,good,technology,bsc,Network Engineer
networking,good,technology,mca,DevOps Engineer
hardware,poor,technology,diploma,Network Engineer
psychology,excellent,hr,ba,HR Manager
writing,good,marketing,bba,Marketing Manager
python,good,technology,mca,Full Stack Developer
marketing,excellent,business,mba,Marketing Manager
communication,excellent,hr,ba,HR Manager
mechanics,good,analytics,mtech,Mechanical Engineer
javascript,good,technology,bsc,Software Developer
design,good,technology,mba,UI/UX Designer
python,good,technology,msc,Machine Learning Engineer
javascript,good,technology,mtech,Software Developer
sql,good,business,mba,Business Analyst
design,good,media,bfa,Graphic Designer
management,excellent,business,bba,HR Manager
python,average,technology,bsc,Full Stack Developer
lab,good,science,bsc,Chemist
python,excellent,technology,btech,AI/ML Engineer
python,good,technology,mca,Software Developer
python,excellent,business,msc,AI/ML Engineer
management,excellent,business,bba,HR Manager
chemistry,excellent,research,msc,Chemist
art,average,media,diploma,Graphic Designer
math,good,finance,ba,Financial Analyst
math,excellent,technology,msc,AI/ML Engineer
data,excellent,research,bsc,Data Scientist
security,good,infrastructure,btech,Network Engineer
python,good,technology,btech,Data Scientist
math,excellent,analytics,btech,AI/ML Engineer
psychology,excellent,business,mba,HR Manager
physics,average,engineering,btech,Civil Engineer
management,good,business,btech,Business Analyst
psychology,excellent,business,mba,HR Manager
math,good,technology,msc,AI/ML Engineer
python,good,business,mca,DevOps Engineer
linux,good,technology,mca,DevOps Engineer
javascript,excellent,business,msc,Data Scientist
database,average,technology,btech,Full Stack Developer
strategy,excellent,business,bba,Product Manager
java,good,technology,bsc,Backend Engineer
biology,good,research,msc,Biologist
security,excellent,security,mtech,Cybersecurity Analyst
interviewing,excellent,news,ma,Journalist
database,good,technology,mca,Data Engineer
investigation,excellent,news,diploma,Journalist
sql,average,business,bsc,Data Analyst
photoshop,average,creative,diploma,Graphic Designer
math,good,analytics,bba,Data Analyst
construction,average,engineering,diploma,Civil Engineer
security,average,technology,bsc,Network Engineer
python,average,technology,bsc,Full Stack Developer
database,average,technology,mca,Full Stack Developer
excel,good,analytics,mba,Business Analyst
sql,excellent,analytics,phd,Data Scientist
physics,good,manufacturing,btech,Mechanical Engineer
excel,average,business,bba,Business Analyst
node,average,technology,mtech,Backend Engineer
seo,good,marketing,bba,Content Writer
finance,excellent,finance,bba,Financial Analyst
cad,average,engineering,mtech,Civil Engineer
biology,good,science,bsc,Biologist
database,good,analytics,mca,Data Engineer
seo,good,marketing,bba,Marketing Manager
medicine,excellent,healthcare,mbbs,Doctor
web,good,technology,btech,Full Stack Developer
marketing,excellent,marketing,mba,Marketing Manager
lab,average,science,msc,Chemist
python,excellent,technology,btech,Cybersecurity Analyst
hardware,good,technology,btech,Network Engineer
python,average,technology,bca,Software Developer
biology,average,research,mbbs,Biologist
biology,good,research,msc,Biologist
construction,poor,infrastructure,btech,Civil Engineer
math,good,analytics,btech,Data Analyst
biology,good,research,mca,Chemist
writing,excellent,media,ma,Content Writer
networking,excellent,security,bsc,Cybersecurity Analyst
management,excellent,business,bba,Marketing Manager
javascript,average,technology,mca,Software Developer
data,excellent,analytics,btech,AI/ML Engineer
cad,good,infrastructure,diploma,Civil Engineer
deep learning,good,analytics,msc,AI/ML Engineer
math,good,business,bba,Financial Analyst
python,excellent,technology,mtech,AI/ML Engineer
networking,average,infrastructure,bsc,Network Engineer
chemistry,average,science,phd,Chemist
css,good,creative,bfa,UI/UX Designer
investigation,excellent,media,diploma,Journalist
sql,average,technology,mca,Software Developer
management,excellent,business,bba,HR Manager
communication,excellent,hr,bba,HR Manager
deep learning,good,technology,mtech,AI/ML Engineer
illustrator,average,media,bfa,Graphic Designer
linux,excellent,technology,btech,Cybersecurity Analyst
c++,good,technology,bca,Software Developer
sql,good,technology,mca,Data Engineer
design,good,technology,btech,DevOps Engineer
math,good,science,bba,Financial Analyst
investigation,excellent,news,diploma,Journalist
marketing,excellent,marketing,bba,Marketing Manager
research,good,research,bsc,Biologist
linux,good,infrastructure,mca,DevOps Engineer
database,average,technology,bsc,Backend Engineer
photoshop,good,media,bdes,Graphic Designer
excel,good,creative,bsc,UI/UX Designer
biology,good,research,bsc,Biologist
agile,excellent,business,btech,Product Manager
css,good,infrastructure,mca,DevOps Engineer
data,excellent,technology,mtech,AI/ML Engineer
seo,excellent,marketing,ma,Content Writer
psychology,excellent,business,mba,HR Manager
cad,good,manufacturing,btech,Mechanical Engineer
writing,excellent,business,bba,Marketing Manager
biology,good,analytics,bsc,Biologist
python,excellent,technology,phd,Data Scientist
data,good,business,bba,Data Analyst
math,good,business,btech,Data Analyst
communication,excellent,business,mba,HR Manager
illustrator,good,creative,bdes,Graphic Designer
lab,average,research,msc,Chemist
web,good,technology,bsc,Software Developer
communication,excellent,business,bba,HR Manager
communication,excellent,hr,mba,HR Manager
finance,good,business,bcom,Financial Analyst
management,good,technology,bba,Product Manager
photoshop,average,media,bfa,Graphic Designer
biology,excellent,healthcare,mbbs,Doctor
python,good,technology,mtech,Backend Engineer
css,excellent,creative,ba,UI/UX Designer
research,average,technology,msc,Chemist
management,excellent,technology,mba,Product Manager
writing,good,marketing,bba,Content Writer
linux,good,technology,mtech,Cybersecurity Analyst
networking,good,infrastructure,mca,DevOps Engineer
python,good,technology,bsc,Software Developer
math,good,finance,mcom,Financial Analyst
mechanics,good,engineering,mtech,Mechanical Engineer
editing,excellent,media,bba,Content Writer
python,good,technology,mca,Software Developer
security,good,infrastructure,btech,DevOps Engineer
linux,good,infrastructure,mca,DevOps Engineer
agile,excellent,technology,bba,Product Manager
marketing,excellent,business,mba,Marketing Manager
node,good,analytics,bsc,Business Analyst
excel,good,analytics,bba,Business Analyst
data,good,research,diploma,Data Scientist
math,good,technology,mtech,Data Scientist
web,good,technology,bsc,Full Stack Developer
hardware,good,technology,diploma,Network Engineer
marketing,excellent,business,diploma,Marketing Manager
data,good,analytics,btech,Data Engineer
excel,excellent,business,mcom,Financial Analyst
interviewing,poor,media,diploma,Journalist
investigation,excellent,news,diploma,Journalist
psychology,excellent,business,bba,HR Manager
figma,good,technology,bdes,UI/UX Designer
python,good,technology,bsc,Data Scientist
research,average,research,bsc,Biologist
math,excellent,business,mcom,Financial Analyst
writing,excellent,news,ba,Journalist
python,good,analytics,msc,AI/ML Engineer
c++,good,technology,bca,Software Developer
communication,excellent,business,mba,HR Manager
biology,average,research,msc,Biologist
node,good,technology,mca,Backend Engineer
networking,average,technology,btech,Network Engineer
agile,excellent,technology,mba,Product Manager
node,average,business,mba,Marketing Manager
communication,excellent,business,bba,HR Manager
data,good,analytics,bsc,Data Analyst
math,good,technology,msc,AI/ML Engineer
research,good,research,mbbs,Biologist
linux,excellent,technology,mca,DevOps Engineer
medicine,excellent,science,md,Doctor
sql,good,analytics,btech,Data Engineer
database,good,technology,mca,Data Engineer
networking,good,technology,bsc,DevOps Engineer
networking,good,technology,diploma,Network Engineer
javascript,good,technology,mca,Full Stack Developer
data,good,technology,msc,AI/ML Engineer
python,good,infrastructure,mca,DevOps Engineer
security,excellent,technology,bsc,Cybersecurity Analyst
writing,excellent,news,diploma,Journalist
networking,good,security,mtech,Cybersecurity Analyst
medicine,excellent,healthcare,md,Doctor
sql,excellent,analytics,bba,Business Analyst
editing,excellent,marketing,bba,Content Writer
research,average,research,phd,Biologist
math,excellent,business,mba,Business Analyst
investigation,average,news,diploma,Journalist
photoshop,average,media,diploma,Graphic Designer
management,excellent,analytics,high_school,Business Analyst
java,good,technology,mca,Software Developer
python,excellent,technology,btech,AI/ML Engineer
networking,excellent,security,btech,Cybersecurity Analyst
marketing,good,marketing,mba,Marketing Manager
data,excellent,technology,msc,AI/ML Engineer
cad,average,infrastructure,btech,Civil Engineer
math,excellent,research,phd,Biologist
strategy,excellent,technology,mba,Product Manager
networking,excellent,technology,btech,Cybersecurity Analyst
database,good,analytics,mca,Data Engineer
management,excellent,business,mba,Marketing Manager
medicine,good,science,ba,Doctor
biology,good,science,mbbs,Doctor
writing,good,marketing,bba,Marketing Manager
database,average,technology,btech,Full Stack Developer
marketing,good,marketing,bba,Marketing Manager
math,good,business,bcom,Financial Analyst
physics,good,engineering,mtech,Civil Engineer
database,good,analytics,btech,Data Engineer
seo,good,business,bba,Marketing Manager
biology,good,research,bsc,Biologist
linux,good,infrastructure,mtech,DevOps Engineer
python,good,technology,msc,Machine Learning Engineer
seo,good,media,bba,Content Writer
data,average,analytics,mca,Data Analyst
cad,average,manufacturing,btech,Mechanical Engineer
art,poor,business,diploma,Graphic Designer
security,average,technology,bsc,Network Engineer
sql,excellent,media,ma,Content Writer
seo,good,marketing,bba,Content Writer
medicine,excellent,healthcare,mbbs,Doctor
strategy,excellent,business,btech,Product Manager
web,average,technology,btech,Full Stack Developer
lab,good,science,msc,Biologist
excel,good,analytics,mba,Business Analyst
linux,good,technology,mca,DevOps Engineer
design,excellent,creative,mtech,UI/UX Designer
seo,good,business,bba,Marketing Manager
python,good,technology,btech,Software Developer
data,excellent,technology,msc,AI/ML Engineer
python,good,technology,mca,DevOps Engineer
sql,good,business,btech,Business Analyst
cad,average,engineering,btech,Civil Engineer
networking,good,technology,mca,DevOps Engineer
python,good,technology,msc,Machine Learning Engineer
math,excellent,technology,msc,AI/ML Engineer
marketing,good,business,mba,Marketing Manager
management,excellent,business,mba,Business Analyst
data,good,analytics,btech,Machine Learning Engineer
math,excellent,finance,bcom,Financial Analyst
javascript,good,technology,mca,Full Stack Developer
css,good,creative,bfa,UI/UX Designer
chemistry,good,science,bsc,Chemist
data,good,research,mtech,Data Scientist
figma,excellent,technology,ba,UI/UX Designer
physics,average,engineering,btech,Mechanical Engineer
data,good,business,btech,Business Analyst
seo,excellent,marketing,bba,Content Writer
finance,excellent,business,bcom,Financial Analyst
java,good,technology,bsc,Software Developer
research,average,research,bsc,Chemist
hardware,average,technology,diploma,Network Engineer
hardware,good,technology,bsc,Network Engineer
python,good,analytics,msc,Machine Learning Engineer
medicine,good,healthcare,md,Doctor
sql,good,business,bba,Data Analyst
figma,good,creative,ba,UI/UX Designer
deep learning,excellent,analytics,mtech,AI/ML Engineer
data,good,news,bba,Data Analyst
linux,good,security,mtech,Cybersecurity Analyst
mechanics,good,manufacturing,btech,Mechanical Engineer
seo,excellent,media,ba,Content Writer
illustrator,good,media,bdes,Graphic Designer
math,good,business,bsc,Data Analyst
python,excellent,technology,btech,Data Scientist
networking,average,infrastructure,btech,Network Engineer
python,good,technology,mca,Data Engineer
data,excellent,analytics,bba,Business Analyst
hardware,average,technology,btech,Network Engineer
editing,good,media,ba,Content Writer
sql,good,business,mca,Data Engineer
illustrator,good,creative,bfa,Graphic Designer
seo,excellent,science,high_school,Marketing Manager
photoshop,average,media,bdes,Graphic Designer
math,good,analytics,bsc,Data Analyst
web,good,technology,bsc,Full Stack Developer
seo,excellent,media,bba,Content Writer
node,good,technology,mtech,Machine Learning Engineer
art,average,media,bfa,Graphic Designer
biology,average,science,mbbs,Biologist
management,good,business,mba,Marketing Manager
management,good,technology,mba,Product Manager
data,average,analytics,bba,Data Analyst
writing,good,media,ma,Content Writer
math,good,business,btech,Data Analyst
networking,good,infrastructure,bsc,Network Engineer
security,average,infrastructure,bsc,Network Engineer
chemistry,good,science,msc,Chemist
node,average,technology,mtech,Backend Engineer
biology,good,science,bsc,Biologist
interviewing,average,media,ba,Journalist
cad,average,engineering,diploma,Civil Engineer
data,good,technology,mtech,Machine Learning Engineer
excel,good,analytics,bba,Data Analyst
agile,excellent,technology,mba,Product Manager
data,good,technology,mtech,Data Scientist
photoshop,excellent,infrastructure,bsc,Network Engineer
lab,good,science,mba,Chemist
management,excellent,business,bba,HR Manager
sql,good,analytics,mca,Data Engineer
psychology,excellent,hr,bba,HR Manager
design,excellent,technology,bfa,UI/UX Designer
node,good,technology,btech,Backend Engineer
security,good,technology,mca,DevOps Engineer
editing,excellent,marketing,ma,Content Writer
accounting,good,finance,bba,Financial Analyst
investigation,excellent,media,diploma,Journalist
linux,good,technology,diploma,Network Engineer
research,good,science,mba,Biologist
security,excellent,technology,btech,Cybersecurity Analyst
node,average,technology,mtech,Backend Engineer
data,excellent,business,btech,Business Analyst
security,average,technology,diploma,Network Engineer
python,poor,analytics,mca,Data Engineer
lab,average,science,phd,Biologist
css,good,analytics,diploma,Machine Learning Engineer
cad,good,engineering,diploma,Mechanical Engineer
physics,average,manufacturing,mtech,Mechanical Engineer
construction,average,engineering,diploma,Civil Engineer
photoshop,good,creative,bsc,Graphic Designer
seo,excellent,media,bba,Content Writer
psychology,average,technology,bca,Software Developer
database,good,technology,mca,Data Engineer
management,excellent,marketing,ba,HR Manager
python,good,infrastructure,btech,DevOps Engineer
python,good,analytics,btech,Machine Learning Engineer
diagnosis,good,science,mbbs,Doctor
excel,excellent,business,btech,Business Analyst
security,excellent,business,mba,Marketing Manager
psychology,poor,business,diploma,HR Manager
lab,average,research,mca,Chemist
security,good,security,btech,Cybersecurity Analyst
data,good,analytics,mca,Data Engineer
deep learning,good,analytics,msc,AI/ML Engineer
finance,excellent,finance,mcom,Financial Analyst
math,good,business,btech,Data Analyst
accounting,good,finance,mba,Financial Analyst
math,good,technology,msc,Machine Learning Engineer
investigation,excellent,media,ma,Journalist
linux,excellent,security,btech,Cybersecurity Analyst
sql,good,business,bba,Business Analyst
linux,excellent,security,bsc,Cybersecurity Analyst
design,excellent,news,ma,Journalist
math,good,business,bsc,Data Analyst
excel,average,business,mba,Product Manager
security,excellent,security,mtech,Cybersecurity Analyst
biology,good,research,msc,Biologist
photoshop,average,media,diploma,Graphic Designer
data,good,technology,msc,AI/ML Engineer
communication,excellent,business,ba,HR Manager
sql,excellent,technology,mca,Data Engineer
html,excellent,technology,bfa,UI/UX Designer
management,excellent,media,mba,Product Manager
writing,good,business,mba,Marketing Manager
art,poor,media,bdes,Graphic Designer
design,average,media,bdes,Graphic Designer
hardware,average,infrastructure,btech,Network Engineer
html,excellent,creative,btech,UI/UX Designer
data,excellent,analytics,mtech,Data Scientist
physics,average,manufacturing,btech,Mechanical Engineer
editing,excellent,media,bba,Content Writer
security,average,technology,btech,Cybersecurity Analyst
investigation,poor,media,ba,Journalist
biology,good,science,phd,Biologist
research,good,science,bsc,Chemist
data,excellent,infrastructure,diploma,Civil Engineer
security,excellent,finance,mtech,Cybersecurity Analyst
security,good,technology,mca,DevOps Engineer
writing,excellent,media,ma,Journalist
biology,good,science,md,Doctor
math,excellent,technology,btech,AI/ML Engineer
database,good,technology,btech,Data Engineer
construction,good,engineering,mtech,Civil Engineer
management,excellent,hr,bba,HR Manager
sql,good,business,diploma,Civil Engineer
math,good,technology,btech,Machine Learning Engineer
chemistry,average,research,msc,Chemist
python,good,technology,btech,Software Developer
web,good,technology,bsc,Software Developer
python,excellent,technology,mtech,Cybersecurity Analyst
excel,good,analytics,mba,Business Analyst
excel,good,technology,mba,Financial Analyst
diagnosis,good,healthcare,mbbs,Doctor
interviewing,excellent,technology,bdes,UI/UX Designer
lab,good,science,phd,Chemist
design,good,media,bdes,Graphic Designer
design,average,media,diploma,Graphic Designer
excel,good,business,bsc,Data Analyst
cad,good,manufacturing,diploma,Mechanical Engineer
data,good,analytics,bba,Business Analyst
psychology,excellent,business,ba,HR Manager
lab,excellent,infrastructure,btech,DevOps Engineer
database,good,analytics,btech,Data Engineer
research,good,research,bsc,Chemist
linux,average,technology,btech,Network Engineer
sql,good,research,btech,Data Scientist
mechanics,good,manufacturing,btech,Mechanical Engineer
sql,good,business,mba,Business Analyst
psychology,excellent,hr,mba,HR Manager
excel,excellent,business,bba,Financial Analyst
interviewing,excellent,news,ma,Journalist
linux,average,infrastructure,diploma,Network Engineer
java,average,technology,mca,Software Developer
java,average,technology,btech,Backend Engineer
seo,good,marketing,mba,Marketing Manager
math,excellent,analytics,msc,AI/ML Engineer
strategy,excellent,business,btech,Product Manager
writing,excellent,business,mba,Marketing Manager
art,average,media,diploma,Graphic Designer
medicine,good,healthcare,mbbs,Doctor
security,average,creative,bfa,Graphic Designer
interviewing,excellent,news,ba,Journalist
research,average,research,bsc,Chemist
linux,average,technology,diploma,Network Engineer
management,average,business,bba,HR Manager
chemistry,average,research,phd,Chemist
web,average,technology,bsc,Full Stack Developer
